[ 2026-03-04 13:15:15,672 ] asyncio - DEBUG - Using proactor: IocpProactor
[ 2026-03-04 13:19:39,314 ] root - INFO - Entered the run_pipeline method of TrainPipeline class
[ 2026-03-04 13:19:39,314 ] root - INFO - Entered the start_data_ingestion method of TrainPipeline class
[ 2026-03-04 13:19:39,314 ] root - INFO - Getting the data from mongodb
[ 2026-03-04 13:19:39,314 ] root - INFO - Entered initiate_data_ingestion method of Data_Ingestion class
[ 2026-03-04 13:19:39,314 ] root - INFO - Exporting data from mongodb
[ 2026-03-04 13:22:23,584 ] root - INFO - Entered the run_pipeline method of TrainPipeline class
[ 2026-03-04 13:22:23,585 ] root - INFO - Entered the start_data_ingestion method of TrainPipeline class
[ 2026-03-04 13:22:23,585 ] root - INFO - Getting the data from mongodb
[ 2026-03-04 13:22:23,585 ] root - INFO - Entered initiate_data_ingestion method of Data_Ingestion class
[ 2026-03-04 13:22:23,585 ] root - INFO - Exporting data from mongodb
[ 2026-03-04 13:22:27,031 ] root - INFO - Shape of dataframe: (2240, 29)
[ 2026-03-04 13:22:27,032 ] root - INFO - Saving exported data into feature store file path: src\artifact\03_04_2026_13_22_22\data_ingestion\feature_store\customer.csv
[ 2026-03-04 13:22:27,075 ] root - INFO - Got the data from mongodb
[ 2026-03-04 13:22:27,076 ] root - INFO - Entered split_data_as_train_test method of Data_Ingestion class
[ 2026-03-04 13:22:27,080 ] root - INFO - Performed train test split on the dataframe
[ 2026-03-04 13:22:27,080 ] root - INFO - Exited split_data_as_train_test method of Data_Ingestion class
[ 2026-03-04 13:22:27,093 ] root - INFO - Training data has been saved
[ 2026-03-04 13:22:27,097 ] root - INFO - Test data has been saved
[ 2026-03-04 13:22:27,098 ] root - INFO - Performed train test split on the dataset
[ 2026-03-04 13:22:27,098 ] root - INFO - Exited initiate_data_ingestion method of Data_Ingestion class
[ 2026-03-04 13:22:27,098 ] root - INFO - Data ingestion artifact: DataIngestionArtifact(trained_file_path='src\\artifact\\03_04_2026_13_22_22\\data_ingestion\\ingested\\train.csv', test_file_path='src\\artifact\\03_04_2026_13_22_22\\data_ingestion\\ingested\\test.csv')
[ 2026-03-04 13:22:27,098 ] root - INFO - Got the train_set and test_set from mongodb
[ 2026-03-04 13:22:27,098 ] root - INFO - Exited the start_data_ingestion method of TrainPipeline class
[ 2026-03-04 13:22:27,098 ] root - INFO - Entered the start_data_validation method of TrainPipeline class
[ 2026-03-04 13:22:27,102 ] root - INFO - Entered initiate_data_validation method of Data_Validation class
[ 2026-03-04 13:22:27,102 ] root - INFO - Initiated data validation for the dataset
[ 2026-03-04 13:22:27,583 ] root - INFO - 1/26 drift detected.
[ 2026-03-04 13:22:27,583 ] root - INFO - Entered validate_dataset_schema_columns method of Data_Validation class
[ 2026-03-04 13:22:27,583 ] root - INFO - Validating dataset schema columns
[ 2026-03-04 13:22:27,583 ] root - INFO - Is required column present[{status}]
[ 2026-03-04 13:22:27,583 ] root - INFO - Validated dataset schema columns on the train set
[ 2026-03-04 13:22:27,583 ] root - INFO - Is required column present[{status}]
[ 2026-03-04 13:22:27,583 ] root - INFO - Validated dataset schema columns on the test set
[ 2026-03-04 13:22:27,583 ] root - INFO - Validated dataset schema columns
[ 2026-03-04 13:22:27,583 ] root - INFO - Schema train cols status is True and schema test cols status is True
[ 2026-03-04 13:22:27,583 ] root - INFO - Validated dataset schema columns
[ 2026-03-04 13:22:27,583 ] root - INFO - Dataset schema validation completed
[ 2026-03-04 13:22:27,583 ] root - INFO - Performed the data validation operation
[ 2026-03-04 13:22:27,583 ] root - INFO - Exited the start_data_validation method of TrainPipeline class
[ 2026-03-04 13:22:27,583 ] root - INFO - Entered the start_data_transformation method of TrainPipeline class
[ 2026-03-04 13:22:27,583 ] root - INFO - Entered initiate_data_transformation method of Data_Transformation class
[ 2026-03-04 13:23:59,578 ] root - INFO - Entered the run_pipeline method of TrainPipeline class
[ 2026-03-04 13:23:59,578 ] root - INFO - Entered the start_data_ingestion method of TrainPipeline class
[ 2026-03-04 13:23:59,578 ] root - INFO - Getting the data from mongodb
[ 2026-03-04 13:23:59,578 ] root - INFO - Entered initiate_data_ingestion method of Data_Ingestion class
[ 2026-03-04 13:23:59,578 ] root - INFO - Exporting data from mongodb
[ 2026-03-04 13:24:04,057 ] root - INFO - Shape of dataframe: (2240, 29)
[ 2026-03-04 13:24:04,058 ] root - INFO - Saving exported data into feature store file path: src\artifact\03_04_2026_13_23_58\data_ingestion\feature_store\customer.csv
[ 2026-03-04 13:24:04,075 ] root - INFO - Got the data from mongodb
[ 2026-03-04 13:24:04,075 ] root - INFO - Entered split_data_as_train_test method of Data_Ingestion class
[ 2026-03-04 13:24:04,076 ] root - INFO - Performed train test split on the dataframe
[ 2026-03-04 13:24:04,076 ] root - INFO - Exited split_data_as_train_test method of Data_Ingestion class
[ 2026-03-04 13:24:04,089 ] root - INFO - Training data has been saved
[ 2026-03-04 13:24:04,093 ] root - INFO - Test data has been saved
[ 2026-03-04 13:24:04,093 ] root - INFO - Performed train test split on the dataset
[ 2026-03-04 13:24:04,093 ] root - INFO - Exited initiate_data_ingestion method of Data_Ingestion class
[ 2026-03-04 13:24:04,093 ] root - INFO - Data ingestion artifact: DataIngestionArtifact(trained_file_path='src\\artifact\\03_04_2026_13_23_58\\data_ingestion\\ingested\\train.csv', test_file_path='src\\artifact\\03_04_2026_13_23_58\\data_ingestion\\ingested\\test.csv')
[ 2026-03-04 13:24:04,093 ] root - INFO - Got the train_set and test_set from mongodb
[ 2026-03-04 13:24:04,094 ] root - INFO - Exited the start_data_ingestion method of TrainPipeline class
[ 2026-03-04 13:24:04,094 ] root - INFO - Entered the start_data_validation method of TrainPipeline class
[ 2026-03-04 13:24:04,096 ] root - INFO - Entered initiate_data_validation method of Data_Validation class
[ 2026-03-04 13:24:04,096 ] root - INFO - Initiated data validation for the dataset
[ 2026-03-04 13:24:04,620 ] root - INFO - 2/26 drift detected.
[ 2026-03-04 13:24:04,620 ] root - INFO - Entered validate_dataset_schema_columns method of Data_Validation class
[ 2026-03-04 13:24:04,620 ] root - INFO - Validating dataset schema columns
[ 2026-03-04 13:24:04,621 ] root - INFO - Is required column present[{status}]
[ 2026-03-04 13:24:04,621 ] root - INFO - Validated dataset schema columns on the train set
[ 2026-03-04 13:24:04,621 ] root - INFO - Is required column present[{status}]
[ 2026-03-04 13:24:04,621 ] root - INFO - Validated dataset schema columns on the test set
[ 2026-03-04 13:24:04,621 ] root - INFO - Validated dataset schema columns
[ 2026-03-04 13:24:04,621 ] root - INFO - Schema train cols status is True and schema test cols status is True
[ 2026-03-04 13:24:04,621 ] root - INFO - Validated dataset schema columns
[ 2026-03-04 13:24:04,621 ] root - INFO - Dataset schema validation completed
[ 2026-03-04 13:24:04,621 ] root - INFO - Performed the data validation operation
[ 2026-03-04 13:24:04,621 ] root - INFO - Exited the start_data_validation method of TrainPipeline class
[ 2026-03-04 13:24:04,621 ] root - INFO - Entered the start_data_transformation method of TrainPipeline class
[ 2026-03-04 13:24:04,621 ] root - INFO - Entered initiate_data_transformation method of Data_Transformation class
[ 2026-03-04 13:24:04,659 ] root - INFO - New features has been created.
[ 2026-03-04 13:24:04,659 ] root - INFO - Got the preprocessor object
[ 2026-03-04 13:24:04,659 ] root - INFO - Entered get_data_transformer_object method of DataTransformation class
[ 2026-03-04 13:24:04,659 ] root - INFO - Got numerical cols from schema config
[ 2026-03-04 13:24:04,659 ] root - INFO - Initialized StandardScaler, SimpleImputer
[ 2026-03-04 13:24:04,702 ] root - INFO - Entered the save_object method of MainUtils class
[ 2026-03-04 13:24:04,703 ] root - INFO - Exited the save_object method of MainUtils class
[ 2026-03-04 13:24:04,703 ] root - INFO - Saved Preprocessor object to src\artifact\03_04_2026_13_23_58\data_transformation\transformed_object
[ 2026-03-04 13:24:04,704 ] root - INFO - Exited get_data_transformer_object method of DataTransformation class
[ 2026-03-04 13:24:04,704 ] root - INFO - Initializing clustering...
[ 2026-03-04 13:24:04,716 ] root - INFO - PCA transformation is done
[ 2026-03-04 13:24:08,756 ] root - INFO - Clustering is done
[ 2026-03-04 13:24:08,756 ] root - INFO - Initializing clustering...
[ 2026-03-04 13:24:08,765 ] root - INFO - PCA transformation is done
[ 2026-03-04 13:24:08,773 ] root - INFO - Clustering is done
[ 2026-03-04 13:24:08,781 ] root - INFO - Entered the start_model_trainer method of TrainPipeline class
[ 2026-03-04 13:24:08,782 ] root - INFO - Entered initiate_model_trainer method of ModelTrainer class
[ 2026-03-04 13:24:08,831 ] neuro_mf - INFO - Started Initializing model from config file
[ 2026-03-04 13:24:08,831 ] neuro_mf - INFO - {'C': 1000, 'max_iter': 500, 'multi_class': 'auto', 'penalty': 'l2', 'solver': 'lbfgs'}
[ 2026-03-04 13:24:08,834 ] neuro_mf - INFO - Initialized model: [InitializedModelDetail(model_serial_number='module_0', model=LogisticRegression(C=1000, max_iter=500, multi_class='auto'), param_grid_search={'C': [1000], 'max_iter': [113], 'multi_class': ['auto'], 'penalty': ['l2'], 'solver': ['lbfgs']}, model_name='sklearn.linear_model.LogisticRegression')]
[ 2026-03-04 13:24:08,834 ] neuro_mf - INFO - ('**************************************************', 'training LogisticRegression', '**************************************************')
[ 2026-03-04 13:24:08,835 ] neuro_mf - INFO - {'cv': 3, 'verbose': 3}
[ 2026-03-04 13:24:08,951 ] neuro_mf - INFO - Acceptable model found:GridSearchedBestModel(model_serial_number='module_0', model=LogisticRegression(C=1000, max_iter=500, multi_class='auto'), best_model=LogisticRegression(C=1000, max_iter=113, multi_class='auto'), best_parameters={'C': 1000, 'max_iter': 113, 'multi_class': 'auto', 'penalty': 'l2', 'solver': 'lbfgs'}, best_score=0.988834921541935)
[ 2026-03-04 13:24:08,951 ] neuro_mf - INFO - Best model: GridSearchedBestModel(model_serial_number='module_0', model=LogisticRegression(C=1000, max_iter=500, multi_class='auto'), best_model=LogisticRegression(C=1000, max_iter=113, multi_class='auto'), best_parameters={'C': 1000, 'max_iter': 113, 'multi_class': 'auto', 'penalty': 'l2', 'solver': 'lbfgs'}, best_score=0.988834921541935)
[ 2026-03-04 13:24:08,951 ] root - INFO - Entered the load_object method of MainUtils class
[ 2026-03-04 13:24:08,969 ] root - INFO - Exited the load_object method of MainUtils class
[ 2026-03-04 13:24:08,969 ] root - INFO - Customer Segmentation Model is created and saved.
[ 2026-03-04 13:24:08,969 ] root - INFO - Entered the save_object method of MainUtils class
[ 2026-03-04 13:24:08,970 ] root - INFO - Exited the save_object method of MainUtils class
[ 2026-03-04 13:24:08,971 ] root - INFO - Customer Segmentation Model is saved successfully at: src\artifact\03_04_2026_13_23_58\model_trainer\trained_model
[ 2026-03-04 13:24:08,971 ] root - INFO - Model training completed successfully
[ 2026-03-04 13:24:08,971 ] root - INFO - Model trainer artifact: ModelTrainerArtifact(trained_model_file_path='src\\artifact\\03_04_2026_13_23_58\\model_trainer\\trained_model\\model.pkl', metric_artifact=ClassificationMetricArtifact(f1_score=0.8, precision_score=0.8, recall_score=0.9))
[ 2026-03-04 13:24:08,971 ] root - INFO - model trained successfully
[ 2026-03-04 13:24:08,990 ] root - INFO - Entered the load_object method of MainUtils class
[ 2026-03-04 13:24:09,008 ] root - INFO - Exited the load_object method of MainUtils class
[ 2026-03-04 13:24:09,008 ] root - INFO - Entered predict method of srcTruckModel class
[ 2026-03-04 13:24:09,008 ] root - INFO - Using the trained model to get predictions
[ 2026-03-04 13:24:09,017 ] root - INFO - Used the trained model to get predictions
[ 2026-03-04 18:01:11,855 ] root - INFO - Entered the run_pipeline method of TrainPipeline class
[ 2026-03-04 18:01:11,856 ] root - INFO - Entered the start_data_ingestion method of TrainPipeline class
[ 2026-03-04 18:01:11,856 ] root - INFO - Getting the data from mongodb
[ 2026-03-04 18:01:11,856 ] root - INFO - Entered initiate_data_ingestion method of Data_Ingestion class
[ 2026-03-04 18:01:11,856 ] root - INFO - Exporting data from mongodb
[ 2026-03-04 18:01:20,910 ] root - INFO - Shape of dataframe: (2240, 29)
[ 2026-03-04 18:01:20,915 ] root - INFO - Saving exported data into feature store file path: src\artifact\03_04_2026_18_01_09\data_ingestion\feature_store\customer.csv
[ 2026-03-04 18:01:20,962 ] root - INFO - Got the data from mongodb
[ 2026-03-04 18:01:20,962 ] root - INFO - Entered split_data_as_train_test method of Data_Ingestion class
[ 2026-03-04 18:01:20,969 ] root - INFO - Performed train test split on the dataframe
[ 2026-03-04 18:01:20,969 ] root - INFO - Exited split_data_as_train_test method of Data_Ingestion class
[ 2026-03-04 18:01:20,978 ] root - INFO - Training data has been saved
[ 2026-03-04 18:01:20,981 ] root - INFO - Test data has been saved
[ 2026-03-04 18:01:20,981 ] root - INFO - Performed train test split on the dataset
[ 2026-03-04 18:01:20,981 ] root - INFO - Exited initiate_data_ingestion method of Data_Ingestion class
[ 2026-03-04 18:01:20,982 ] root - INFO - Data ingestion artifact: DataIngestionArtifact(trained_file_path='src\\artifact\\03_04_2026_18_01_09\\data_ingestion\\ingested\\train.csv', test_file_path='src\\artifact\\03_04_2026_18_01_09\\data_ingestion\\ingested\\test.csv')
[ 2026-03-04 18:01:20,982 ] root - INFO - Got the train_set and test_set from mongodb
[ 2026-03-04 18:01:20,982 ] root - INFO - Exited the start_data_ingestion method of TrainPipeline class
[ 2026-03-04 18:01:20,982 ] root - INFO - Entered the start_data_validation method of TrainPipeline class
[ 2026-03-04 18:01:20,985 ] root - INFO - Entered initiate_data_validation method of Data_Validation class
[ 2026-03-04 18:01:20,985 ] root - INFO - Initiated data validation for the dataset
[ 2026-03-04 18:01:21,406 ] root - INFO - 1/26 drift detected.
[ 2026-03-04 18:01:21,406 ] root - INFO - Entered validate_dataset_schema_columns method of Data_Validation class
[ 2026-03-04 18:01:21,407 ] root - INFO - Validating dataset schema columns
[ 2026-03-04 18:01:21,407 ] root - INFO - Is required column present[{status}]
[ 2026-03-04 18:01:21,407 ] root - INFO - Validated dataset schema columns on the train set
[ 2026-03-04 18:01:21,407 ] root - INFO - Is required column present[{status}]
[ 2026-03-04 18:01:21,407 ] root - INFO - Validated dataset schema columns on the test set
[ 2026-03-04 18:01:21,407 ] root - INFO - Validated dataset schema columns
[ 2026-03-04 18:01:21,407 ] root - INFO - Schema train cols status is True and schema test cols status is True
[ 2026-03-04 18:01:21,407 ] root - INFO - Validated dataset schema columns
[ 2026-03-04 18:01:21,407 ] root - INFO - Dataset schema validation completed
[ 2026-03-04 18:01:21,407 ] root - INFO - Performed the data validation operation
[ 2026-03-04 18:01:21,407 ] root - INFO - Exited the start_data_validation method of TrainPipeline class
[ 2026-03-04 18:01:21,407 ] root - INFO - Entered the start_data_transformation method of TrainPipeline class
[ 2026-03-04 18:01:21,407 ] root - INFO - Entered initiate_data_transformation method of Data_Transformation class
[ 2026-03-04 18:01:21,463 ] root - INFO - New features has been created.
[ 2026-03-04 18:01:21,463 ] root - INFO - Got the preprocessor object
[ 2026-03-04 18:01:21,463 ] root - INFO - Entered get_data_transformer_object method of DataTransformation class
[ 2026-03-04 18:01:21,463 ] root - INFO - Got numerical cols from schema config
[ 2026-03-04 18:01:21,464 ] root - INFO - Initialized StandardScaler, SimpleImputer
[ 2026-03-04 18:01:21,497 ] root - INFO - Entered the save_object method of MainUtils class
[ 2026-03-04 18:01:21,499 ] root - INFO - Exited the save_object method of MainUtils class
[ 2026-03-04 18:01:21,499 ] root - INFO - Saved Preprocessor object to src\artifact\03_04_2026_18_01_09\data_transformation\transformed_object
[ 2026-03-04 18:01:21,499 ] root - INFO - Exited get_data_transformer_object method of DataTransformation class
[ 2026-03-04 18:01:21,499 ] root - INFO - Initializing clustering...
[ 2026-03-04 18:01:21,520 ] root - INFO - PCA transformation is done
[ 2026-03-04 18:01:25,626 ] root - INFO - Clustering is done
[ 2026-03-04 18:01:25,626 ] root - INFO - Initializing clustering...
[ 2026-03-04 18:01:25,631 ] root - INFO - PCA transformation is done
[ 2026-03-04 18:01:25,636 ] root - INFO - Clustering is done
[ 2026-03-04 18:01:25,643 ] root - INFO - Entered the start_model_trainer method of TrainPipeline class
[ 2026-03-04 18:01:25,643 ] root - INFO - Entered initiate_model_trainer method of ModelTrainer class
[ 2026-03-04 18:01:25,679 ] neuro_mf - INFO - Started Initializing model from config file
[ 2026-03-04 18:01:25,679 ] neuro_mf - INFO - {'C': 1000, 'max_iter': 500, 'multi_class': 'auto', 'penalty': 'l2', 'solver': 'lbfgs'}
[ 2026-03-04 18:01:25,681 ] neuro_mf - INFO - Initialized model: [InitializedModelDetail(model_serial_number='module_0', model=LogisticRegression(C=1000, max_iter=500, multi_class='auto'), param_grid_search={'C': [1000], 'max_iter': [113], 'multi_class': ['auto'], 'penalty': ['l2'], 'solver': ['lbfgs']}, model_name='sklearn.linear_model.LogisticRegression')]
[ 2026-03-04 18:01:25,682 ] neuro_mf - INFO - ('**************************************************', 'training LogisticRegression', '**************************************************')
[ 2026-03-04 18:01:25,682 ] neuro_mf - INFO - {'cv': 3, 'verbose': 3}
[ 2026-03-04 18:01:25,779 ] neuro_mf - INFO - Acceptable model found:GridSearchedBestModel(model_serial_number='module_0', model=LogisticRegression(C=1000, max_iter=500, multi_class='auto'), best_model=LogisticRegression(C=1000, max_iter=113, multi_class='auto'), best_parameters={'C': 1000, 'max_iter': 113, 'multi_class': 'auto', 'penalty': 'l2', 'solver': 'lbfgs'}, best_score=0.9893979372895694)
[ 2026-03-04 18:01:25,780 ] neuro_mf - INFO - Best model: GridSearchedBestModel(model_serial_number='module_0', model=LogisticRegression(C=1000, max_iter=500, multi_class='auto'), best_model=LogisticRegression(C=1000, max_iter=113, multi_class='auto'), best_parameters={'C': 1000, 'max_iter': 113, 'multi_class': 'auto', 'penalty': 'l2', 'solver': 'lbfgs'}, best_score=0.9893979372895694)
[ 2026-03-04 18:01:25,780 ] root - INFO - Entered the load_object method of MainUtils class
[ 2026-03-04 18:01:25,780 ] root - INFO - Exited the load_object method of MainUtils class
[ 2026-03-04 18:01:25,781 ] root - INFO - Customer Segmentation Model is created and saved.
[ 2026-03-04 18:01:25,781 ] root - INFO - Entered the save_object method of MainUtils class
[ 2026-03-04 18:01:25,782 ] root - INFO - Exited the save_object method of MainUtils class
[ 2026-03-04 18:01:25,782 ] root - INFO - Customer Segmentation Model is saved successfully at: src\artifact\03_04_2026_18_01_09\model_trainer\trained_model
[ 2026-03-04 18:01:25,782 ] root - INFO - Model training completed successfully
[ 2026-03-04 18:01:25,783 ] root - INFO - Model trainer artifact: ModelTrainerArtifact(trained_model_file_path='src\\artifact\\03_04_2026_18_01_09\\model_trainer\\trained_model\\model.pkl', metric_artifact=ClassificationMetricArtifact(f1_score=0.8, precision_score=0.8, recall_score=0.9))
[ 2026-03-04 18:01:25,783 ] root - INFO - model trained successfully
[ 2026-03-04 18:01:25,800 ] root - INFO - Entered the load_object method of MainUtils class
[ 2026-03-04 18:01:25,816 ] root - INFO - Exited the load_object method of MainUtils class
[ 2026-03-04 18:01:25,816 ] root - INFO - Entered predict method of srcTruckModel class
[ 2026-03-04 18:01:25,816 ] root - INFO - Using the trained model to get predictions
[ 2026-03-04 18:01:25,823 ] root - INFO - Used the trained model to get predictions
[ 2026-03-04 18:01:25,834 ] botocore.hooks - DEBUG - Changing event name from creating-client-class.iot-data to creating-client-class.iot-data-plane
[ 2026-03-04 18:01:25,836 ] botocore.hooks - DEBUG - Changing event name from before-call.apigateway to before-call.api-gateway
[ 2026-03-04 18:01:25,837 ] botocore.hooks - DEBUG - Changing event name from request-created.machinelearning.Predict to request-created.machine-learning.Predict
[ 2026-03-04 18:01:25,838 ] botocore.hooks - DEBUG - Changing event name from before-parameter-build.autoscaling.CreateLaunchConfiguration to before-parameter-build.auto-scaling.CreateLaunchConfiguration
[ 2026-03-04 18:01:25,838 ] botocore.hooks - DEBUG - Changing event name from before-parameter-build.route53 to before-parameter-build.route-53
[ 2026-03-04 18:01:25,839 ] botocore.hooks - DEBUG - Changing event name from request-created.cloudsearchdomain.Search to request-created.cloudsearch-domain.Search
[ 2026-03-04 18:01:25,840 ] botocore.hooks - DEBUG - Changing event name from docs.*.autoscaling.CreateLaunchConfiguration.complete-section to docs.*.auto-scaling.CreateLaunchConfiguration.complete-section
[ 2026-03-04 18:01:25,843 ] botocore.hooks - DEBUG - Changing event name from before-parameter-build.logs.CreateExportTask to before-parameter-build.cloudwatch-logs.CreateExportTask
[ 2026-03-04 18:01:25,844 ] botocore.hooks - DEBUG - Changing event name from docs.*.logs.CreateExportTask.complete-section to docs.*.cloudwatch-logs.CreateExportTask.complete-section
[ 2026-03-04 18:01:25,844 ] botocore.hooks - DEBUG - Changing event name from before-parameter-build.cloudsearchdomain.Search to before-parameter-build.cloudsearch-domain.Search
[ 2026-03-04 18:01:25,844 ] botocore.hooks - DEBUG - Changing event name from docs.*.cloudsearchdomain.Search.complete-section to docs.*.cloudsearch-domain.Search.complete-section
[ 2026-03-04 18:01:26,206 ] botocore.loaders - DEBUG - Loading JSON file: C:\Users\ankan\Downloads\Customer-Categorizer\venv\lib\site-packages\boto3\data\s3\2006-03-01\resources-1.json
[ 2026-03-04 18:01:26,221 ] botocore.loaders - DEBUG - Loading JSON file: C:\Users\ankan\Downloads\Customer-Categorizer\venv\lib\site-packages\botocore\data\endpoints.json
[ 2026-03-04 18:01:26,307 ] botocore.loaders - DEBUG - Loading JSON file: C:\Users\ankan\Downloads\Customer-Categorizer\venv\lib\site-packages\botocore\data\sdk-default-configuration.json
[ 2026-03-04 18:01:26,309 ] botocore.hooks - DEBUG - Event choose-service-name: calling handler <function handle_service_name_alias at 0x000001D3AA8EE9E0>
[ 2026-03-04 18:01:26,420 ] botocore.loaders - DEBUG - Loading JSON file: C:\Users\ankan\Downloads\Customer-Categorizer\venv\lib\site-packages\botocore\data\s3\2006-03-01\service-2.json
[ 2026-03-04 18:01:26,433 ] botocore.hooks - DEBUG - Event creating-client-class.s3: calling handler <function add_generate_presigned_post at 0x000001D3AA872B00>
[ 2026-03-04 18:01:26,433 ] botocore.hooks - DEBUG - Event creating-client-class.s3: calling handler <function lazy_call.<locals>._handler at 0x000001D3AC698550>
[ 2026-03-04 18:01:26,435 ] botocore.hooks - DEBUG - Event creating-client-class.s3: calling handler <function add_generate_presigned_url at 0x000001D3AA8728C0>
[ 2026-03-04 18:01:26,436 ] botocore.endpoint - DEBUG - Setting s3 timeout as (60, 60)
[ 2026-03-04 18:01:26,448 ] botocore.loaders - DEBUG - Loading JSON file: C:\Users\ankan\Downloads\Customer-Categorizer\venv\lib\site-packages\botocore\data\_retry.json
[ 2026-03-04 18:01:26,448 ] botocore.client - DEBUG - Registering retry handlers for service: s3
[ 2026-03-04 18:01:26,449 ] boto3.resources.factory - DEBUG - Loading s3:s3
[ 2026-03-04 18:01:26,450 ] botocore.hooks - DEBUG - Event choose-service-name: calling handler <function handle_service_name_alias at 0x000001D3AA8EE9E0>
[ 2026-03-04 18:01:26,451 ] botocore.hooks - DEBUG - Event creating-client-class.s3: calling handler <function add_generate_presigned_post at 0x000001D3AA872B00>
[ 2026-03-04 18:01:26,451 ] botocore.hooks - DEBUG - Event creating-client-class.s3: calling handler <function lazy_call.<locals>._handler at 0x000001D3AC698550>
[ 2026-03-04 18:01:26,451 ] botocore.hooks - DEBUG - Event creating-client-class.s3: calling handler <function add_generate_presigned_url at 0x000001D3AA8728C0>
[ 2026-03-04 18:01:26,451 ] botocore.endpoint - DEBUG - Setting s3 timeout as (60, 60)
[ 2026-03-04 18:01:26,452 ] botocore.client - DEBUG - Registering retry handlers for service: s3
[ 2026-03-04 18:01:26,452 ] root - INFO - Entered the get_bucket method of S3Operations class
[ 2026-03-04 18:01:26,452 ] boto3.resources.factory - DEBUG - Loading s3:Bucket
[ 2026-03-04 18:01:26,453 ] boto3.resources.model - DEBUG - Renaming Bucket attribute name
[ 2026-03-04 18:01:26,453 ] botocore.hooks - DEBUG - Event creating-resource-class.s3.Bucket: calling handler <function lazy_call.<locals>._handler at 0x000001D3AC698790>
[ 2026-03-04 18:01:26,453 ] root - INFO - Exited the get_bucket method of S3Operations class
[ 2026-03-04 18:01:26,503 ] botocore.loaders - DEBUG - Loading JSON file: C:\Users\ankan\Downloads\Customer-Categorizer\venv\lib\site-packages\botocore\data\s3\2006-03-01\paginators-1.json
[ 2026-03-04 18:01:26,504 ] boto3.resources.collection - DEBUG - Calling paginated s3:list_objects with {'Bucket': 'ankan-customer-segmentation-bucket', 'Prefix': 'model.pkl'}
[ 2026-03-04 18:01:26,504 ] botocore.hooks - DEBUG - Event before-parameter-build.s3.ListObjects: calling handler <function set_list_objects_encoding_type_url at 0x000001D3AA90D630>
[ 2026-03-04 18:01:26,504 ] botocore.hooks - DEBUG - Event before-parameter-build.s3.ListObjects: calling handler <function validate_bucket_name at 0x000001D3AA90C3A0>
[ 2026-03-04 18:01:26,504 ] botocore.hooks - DEBUG - Event before-parameter-build.s3.ListObjects: calling handler <bound method S3RegionRedirector.redirect_from_cache of <botocore.utils.S3RegionRedirector object at 0x000001D3AB0BFF10>>
[ 2026-03-04 18:01:26,504 ] botocore.hooks - DEBUG - Event before-parameter-build.s3.ListObjects: calling handler <bound method S3ArnParamHandler.handle_arn of <botocore.utils.S3ArnParamHandler object at 0x000001D3AB0BF9D0>>
[ 2026-03-04 18:01:26,504 ] botocore.hooks - DEBUG - Event before-parameter-build.s3.ListObjects: calling handler <function generate_idempotent_uuid at 0x000001D3AA90C1F0>
[ 2026-03-04 18:01:26,506 ] botocore.hooks - DEBUG - Event before-call.s3.ListObjects: calling handler <function add_expect_header at 0x000001D3AA90C700>
[ 2026-03-04 18:01:26,506 ] botocore.hooks - DEBUG - Event before-call.s3.ListObjects: calling handler <bound method S3RegionRedirector.set_request_url of <botocore.utils.S3RegionRedirector object at 0x000001D3AB0BFF10>>
[ 2026-03-04 18:01:26,506 ] botocore.hooks - DEBUG - Event before-call.s3.ListObjects: calling handler <function add_recursion_detection_header at 0x000001D3AA8EFE20>
[ 2026-03-04 18:01:26,506 ] botocore.hooks - DEBUG - Event before-call.s3.ListObjects: calling handler <function inject_api_version_header_if_needed at 0x000001D3AA90DA20>
[ 2026-03-04 18:01:26,506 ] botocore.endpoint - DEBUG - Making request for OperationModel(name=ListObjects) with params: {'url_path': '/ankan-customer-segmentation-bucket', 'query_string': {'prefix': 'model.pkl', 'encoding-type': 'url'}, 'method': 'GET', 'headers': {'User-Agent': 'Boto3/1.24.84 Python/3.10.11 Windows/10 Botocore/1.27.96 Resource'}, 'body': b'', 'url': 'https://s3.ap-south-1.amazonaws.com/ankan-customer-segmentation-bucket?prefix=model.pkl&encoding-type=url', 'context': {'client_region': 'ap-south-1', 'client_config': <botocore.config.Config object at 0x000001D3AB0BE740>, 'has_streaming_input': False, 'auth_type': None, 'encoding_type_auto_set': True, 'signing': {'bucket': 'ankan-customer-segmentation-bucket'}}}
[ 2026-03-04 18:01:26,506 ] botocore.hooks - DEBUG - Event request-created.s3.ListObjects: calling handler <bound method RequestSigner.handler of <botocore.signers.RequestSigner object at 0x000001D3AB0BDB10>>
[ 2026-03-04 18:01:26,507 ] botocore.hooks - DEBUG - Event choose-signer.s3.ListObjects: calling handler <bound method S3EndpointSetter.set_signer of <botocore.utils.S3EndpointSetter object at 0x000001D3AB0BF7C0>>
[ 2026-03-04 18:01:26,507 ] botocore.hooks - DEBUG - Event choose-signer.s3.ListObjects: calling handler <function set_operation_specific_signer at 0x000001D3AA90C0D0>
[ 2026-03-04 18:01:26,507 ] botocore.hooks - DEBUG - Event before-sign.s3.ListObjects: calling handler <bound method S3EndpointSetter.set_endpoint of <botocore.utils.S3EndpointSetter object at 0x000001D3AB0BF7C0>>
[ 2026-03-04 18:01:26,507 ] botocore.utils - DEBUG - Defaulting to S3 virtual host style addressing with path style addressing fallback.
[ 2026-03-04 18:01:26,507 ] botocore.utils - DEBUG - Checking for DNS compatible bucket for: https://s3.ap-south-1.amazonaws.com/ankan-customer-segmentation-bucket?prefix=model.pkl&encoding-type=url
[ 2026-03-04 18:01:26,507 ] botocore.utils - DEBUG - URI updated to: https://ankan-customer-segmentation-bucket.s3.ap-south-1.amazonaws.com/?prefix=model.pkl&encoding-type=url
[ 2026-03-04 18:01:26,507 ] botocore.auth - DEBUG - Calculating signature using v4 auth.
[ 2026-03-04 18:01:26,507 ] botocore.auth - DEBUG - CanonicalRequest:
GET
/
encoding-type=url&prefix=model.pkl
host:ankan-customer-segmentation-bucket.s3.ap-south-1.amazonaws.com
x-amz-content-sha256:e3b0c44298fc1c149afbf4c8996fb92427ae41e4649b934ca495991b7852b855
x-amz-date:20260304T123126Z

host;x-amz-content-sha256;x-amz-date
e3b0c44298fc1c149afbf4c8996fb92427ae41e4649b934ca495991b7852b855
[ 2026-03-04 18:01:26,507 ] botocore.auth - DEBUG - StringToSign:
AWS4-HMAC-SHA256
20260304T123126Z
20260304/ap-south-1/s3/aws4_request
58498c8171e20d165d86df856d1ff7b44f9ef1d0515147463e19c234a043d789
[ 2026-03-04 18:01:26,507 ] botocore.auth - DEBUG - Signature:
8b5788e5245b92d5e482e1286d4a431ad6f69c650c1acc1a32d36120d5ae6396
[ 2026-03-04 18:01:26,507 ] botocore.hooks - DEBUG - Event request-created.s3.ListObjects: calling handler <function add_retry_headers at 0x000001D3AA90E0E0>
[ 2026-03-04 18:01:26,507 ] botocore.endpoint - DEBUG - Sending http request: <AWSPreparedRequest stream_output=False, method=GET, url=https://ankan-customer-segmentation-bucket.s3.ap-south-1.amazonaws.com/?prefix=model.pkl&encoding-type=url, headers={'User-Agent': b'Boto3/1.24.84 Python/3.10.11 Windows/10 Botocore/1.27.96 Resource', 'X-Amz-Date': b'20260304T123126Z', 'X-Amz-Content-SHA256': b'e3b0c44298fc1c149afbf4c8996fb92427ae41e4649b934ca495991b7852b855', 'Authorization': b'AWS4-HMAC-SHA256 Credential=AKIA5OGYVVGOYWO22LU3/20260304/ap-south-1/s3/aws4_request, SignedHeaders=host;x-amz-content-sha256;x-amz-date, Signature=8b5788e5245b92d5e482e1286d4a431ad6f69c650c1acc1a32d36120d5ae6396', 'amz-sdk-invocation-id': b'c00544e0-1b03-4867-944b-6657fd7610b2', 'amz-sdk-request': b'attempt=1'}>
[ 2026-03-04 18:01:26,508 ] botocore.httpsession - DEBUG - Certificate path: C:\Users\ankan\Downloads\Customer-Categorizer\venv\lib\site-packages\certifi\cacert.pem
[ 2026-03-04 18:01:26,508 ] urllib3.connectionpool - DEBUG - Starting new HTTPS connection (1): ankan-customer-segmentation-bucket.s3.ap-south-1.amazonaws.com:443
[ 2026-03-04 18:01:26,744 ] urllib3.connectionpool - DEBUG - https://ankan-customer-segmentation-bucket.s3.ap-south-1.amazonaws.com:443 "GET /?prefix=model.pkl&encoding-type=url HTTP/1.1" 404 None
[ 2026-03-04 18:01:26,744 ] botocore.parsers - DEBUG - Response headers: {'x-amz-request-id': '1BJM1ZDF1FN82VQB', 'x-amz-id-2': '/fOIsn0CTIlRt5bkfZ+W+rAvtqbQJ+/yXT66mCfzZGG0tGn7XhJL2mMPazy1EVa5FwXutblGVIlDwPFbrdr9aa2+DscdnpU/', 'Content-Type': 'application/xml', 'Transfer-Encoding': 'chunked', 'Date': 'Wed, 04 Mar 2026 12:31:29 GMT', 'Server': 'AmazonS3'}
[ 2026-03-04 18:01:26,744 ] botocore.parsers - DEBUG - Response body:
b'<?xml version="1.0" encoding="UTF-8"?>\n<Error><Code>NoSuchBucket</Code><Message>The specified bucket does not exist</Message><BucketName>ankan-customer-segmentation-bucket</BucketName><RequestId>1BJM1ZDF1FN82VQB</RequestId><HostId>/fOIsn0CTIlRt5bkfZ+W+rAvtqbQJ+/yXT66mCfzZGG0tGn7XhJL2mMPazy1EVa5FwXutblGVIlDwPFbrdr9aa2+DscdnpU/</HostId></Error>'
[ 2026-03-04 18:01:26,746 ] botocore.parsers - DEBUG - Response headers: {'x-amz-request-id': '1BJM1ZDF1FN82VQB', 'x-amz-id-2': '/fOIsn0CTIlRt5bkfZ+W+rAvtqbQJ+/yXT66mCfzZGG0tGn7XhJL2mMPazy1EVa5FwXutblGVIlDwPFbrdr9aa2+DscdnpU/', 'Content-Type': 'application/xml', 'Transfer-Encoding': 'chunked', 'Date': 'Wed, 04 Mar 2026 12:31:29 GMT', 'Server': 'AmazonS3'}
[ 2026-03-04 18:01:26,746 ] botocore.parsers - DEBUG - Response body:
b'<?xml version="1.0" encoding="UTF-8"?>\n<Error><Code>NoSuchBucket</Code><Message>The specified bucket does not exist</Message><BucketName>ankan-customer-segmentation-bucket</BucketName><RequestId>1BJM1ZDF1FN82VQB</RequestId><HostId>/fOIsn0CTIlRt5bkfZ+W+rAvtqbQJ+/yXT66mCfzZGG0tGn7XhJL2mMPazy1EVa5FwXutblGVIlDwPFbrdr9aa2+DscdnpU/</HostId></Error>'
[ 2026-03-04 18:01:26,747 ] botocore.hooks - DEBUG - Event needs-retry.s3.ListObjects: calling handler <botocore.retryhandler.RetryHandler object at 0x000001D3AB0BFBE0>
[ 2026-03-04 18:01:26,747 ] botocore.retryhandler - DEBUG - No retry needed.
[ 2026-03-04 18:01:26,747 ] botocore.hooks - DEBUG - Event needs-retry.s3.ListObjects: calling handler <bound method S3RegionRedirector.redirect_from_error of <botocore.utils.S3RegionRedirector object at 0x000001D3AB0BFF10>>
[ 2026-03-04 18:01:26,747 ] botocore.hooks - DEBUG - Event after-call.s3.ListObjects: calling handler <function decode_list_object at 0x000001D3AA90D6C0>
[ 2026-03-04 18:01:26,747 ] root - INFO - Result: EvaluateModelResponse(trained_model_f1_score=0.10486710225831007, best_model_f1_score=None, is_model_accepted=True, changed_accuracy=0.10486710225831007, best_model_metric_artifact=None)
[ 2026-03-04 18:01:26,747 ] root - INFO - Model evaluation artifact: ModelEvaluationArtifact(is_model_accepted=True, changed_accuracy=0.10486710225831007, best_model_path='src\\artifact\\03_04_2026_18_01_09\\model_trainer\\trained_model\\model.pkl', trained_model_path='src\\artifact\\03_04_2026_18_01_09\\model_trainer\\trained_model\\model.pkl', best_model_metric_artifact=None)
[ 2026-03-04 18:01:26,748 ] root - INFO - Entered initiate_model_pusher method of ModelTrainer class
[ 2026-03-04 18:01:26,748 ] root - INFO - Uploading artifacts folder to s3 bucket
[ 2026-03-04 18:01:26,748 ] root - INFO - Entered the upload_file method of S3Operations class
[ 2026-03-04 18:01:26,748 ] root - INFO - Uploading src\artifact\03_04_2026_18_01_09\model_trainer\trained_model\model.pkl file to model.pkl file in ankan-customer-segmentation-bucket bucket
[ 2026-03-04 18:01:26,748 ] s3transfer.utils - DEBUG - Acquiring 0
[ 2026-03-04 18:01:26,749 ] s3transfer.tasks - DEBUG - UploadSubmissionTask(transfer_id=0, {'transfer_future': <s3transfer.futures.TransferFuture object at 0x000001D3AC4487F0>}) about to wait for the following futures []
[ 2026-03-04 18:01:26,749 ] s3transfer.tasks - DEBUG - UploadSubmissionTask(transfer_id=0, {'transfer_future': <s3transfer.futures.TransferFuture object at 0x000001D3AC4487F0>}) done waiting for dependent futures
[ 2026-03-04 18:01:26,749 ] s3transfer.tasks - DEBUG - Executing task UploadSubmissionTask(transfer_id=0, {'transfer_future': <s3transfer.futures.TransferFuture object at 0x000001D3AC4487F0>}) with kwargs {'client': <botocore.client.S3 object at 0x000001D3AB0BE1D0>, 'config': <boto3.s3.transfer.TransferConfig object at 0x000001D3AC454A90>, 'osutil': <s3transfer.utils.OSUtils object at 0x000001D3AC457CA0>, 'request_executor': <s3transfer.futures.BoundedExecutor object at 0x000001D3AAF5A800>, 'transfer_future': <s3transfer.futures.TransferFuture object at 0x000001D3AC4487F0>}
[ 2026-03-04 18:01:26,750 ] s3transfer.futures - DEBUG - Submitting task PutObjectTask(transfer_id=0, {'bucket': 'ankan-customer-segmentation-bucket', 'key': 'model.pkl', 'extra_args': {}}) to executor <s3transfer.futures.BoundedExecutor object at 0x000001D3AAF5A800> for transfer request: 0.
[ 2026-03-04 18:01:26,750 ] s3transfer.utils - DEBUG - Acquiring 0
[ 2026-03-04 18:01:26,750 ] s3transfer.tasks - DEBUG - PutObjectTask(transfer_id=0, {'bucket': 'ankan-customer-segmentation-bucket', 'key': 'model.pkl', 'extra_args': {}}) about to wait for the following futures []
[ 2026-03-04 18:01:26,750 ] s3transfer.tasks - DEBUG - PutObjectTask(transfer_id=0, {'bucket': 'ankan-customer-segmentation-bucket', 'key': 'model.pkl', 'extra_args': {}}) done waiting for dependent futures
[ 2026-03-04 18:01:26,751 ] s3transfer.tasks - DEBUG - Executing task PutObjectTask(transfer_id=0, {'bucket': 'ankan-customer-segmentation-bucket', 'key': 'model.pkl', 'extra_args': {}}) with kwargs {'client': <botocore.client.S3 object at 0x000001D3AB0BE1D0>, 'fileobj': <s3transfer.utils.ReadFileChunk object at 0x000001D3AC448C40>, 'bucket': 'ankan-customer-segmentation-bucket', 'key': 'model.pkl', 'extra_args': {}}
[ 2026-03-04 18:01:26,751 ] botocore.hooks - DEBUG - Event before-parameter-build.s3.PutObject: calling handler <function validate_ascii_metadata at 0x000001D3AA90D000>
[ 2026-03-04 18:01:26,751 ] botocore.hooks - DEBUG - Event before-parameter-build.s3.PutObject: calling handler <function sse_md5 at 0x000001D3AA90C430>
[ 2026-03-04 18:01:26,751 ] botocore.hooks - DEBUG - Event before-parameter-build.s3.PutObject: calling handler <function convert_body_to_file_like_object at 0x000001D3AA90D900>
[ 2026-03-04 18:01:26,751 ] botocore.hooks - DEBUG - Event before-parameter-build.s3.PutObject: calling handler <function validate_bucket_name at 0x000001D3AA90C3A0>
[ 2026-03-04 18:01:26,751 ] botocore.hooks - DEBUG - Event before-parameter-build.s3.PutObject: calling handler <bound method S3RegionRedirector.redirect_from_cache of <botocore.utils.S3RegionRedirector object at 0x000001D3AB0BFF10>>
[ 2026-03-04 18:01:26,751 ] botocore.hooks - DEBUG - Event before-parameter-build.s3.PutObject: calling handler <bound method S3ArnParamHandler.handle_arn of <botocore.utils.S3ArnParamHandler object at 0x000001D3AB0BF9D0>>
[ 2026-03-04 18:01:26,751 ] botocore.hooks - DEBUG - Event before-parameter-build.s3.PutObject: calling handler <function generate_idempotent_uuid at 0x000001D3AA90C1F0>
[ 2026-03-04 18:01:26,751 ] botocore.hooks - DEBUG - Event before-call.s3.PutObject: calling handler <function conditionally_calculate_md5 at 0x000001D3AA7DE560>
[ 2026-03-04 18:01:26,751 ] s3transfer.utils - DEBUG - Releasing acquire 0/None
[ 2026-03-04 18:01:26,752 ] botocore.hooks - DEBUG - Event before-call.s3.PutObject: calling handler <function add_expect_header at 0x000001D3AA90C700>
[ 2026-03-04 18:01:26,752 ] botocore.handlers - DEBUG - Adding expect 100 continue header to request.
[ 2026-03-04 18:01:26,752 ] botocore.hooks - DEBUG - Event before-call.s3.PutObject: calling handler <bound method S3RegionRedirector.set_request_url of <botocore.utils.S3RegionRedirector object at 0x000001D3AB0BFF10>>
[ 2026-03-04 18:01:26,752 ] botocore.hooks - DEBUG - Event before-call.s3.PutObject: calling handler <function add_recursion_detection_header at 0x000001D3AA8EFE20>
[ 2026-03-04 18:01:26,752 ] botocore.hooks - DEBUG - Event before-call.s3.PutObject: calling handler <function inject_api_version_header_if_needed at 0x000001D3AA90DA20>
[ 2026-03-04 18:01:26,752 ] botocore.endpoint - DEBUG - Making request for OperationModel(name=PutObject) with params: {'url_path': '/ankan-customer-segmentation-bucket/model.pkl', 'query_string': {}, 'method': 'PUT', 'headers': {'User-Agent': 'Boto3/1.24.84 Python/3.10.11 Windows/10 Botocore/1.27.96 Resource', 'Content-MD5': '/EWC9N/0OnfjursTfk6VYw==', 'Expect': '100-continue'}, 'body': <s3transfer.utils.ReadFileChunk object at 0x000001D3AC448C40>, 'url': 'https://s3.ap-south-1.amazonaws.com/ankan-customer-segmentation-bucket/model.pkl', 'context': {'client_region': 'ap-south-1', 'client_config': <botocore.config.Config object at 0x000001D3AB0BE740>, 'has_streaming_input': True, 'auth_type': None, 'signing': {'bucket': 'ankan-customer-segmentation-bucket'}}}
[ 2026-03-04 18:01:26,752 ] botocore.hooks - DEBUG - Event request-created.s3.PutObject: calling handler <function signal_not_transferring at 0x000001D3A74EB400>
[ 2026-03-04 18:01:26,752 ] botocore.hooks - DEBUG - Event request-created.s3.PutObject: calling handler <bound method RequestSigner.handler of <botocore.signers.RequestSigner object at 0x000001D3AB0BDB10>>
[ 2026-03-04 18:01:26,752 ] botocore.hooks - DEBUG - Event choose-signer.s3.PutObject: calling handler <bound method S3EndpointSetter.set_signer of <botocore.utils.S3EndpointSetter object at 0x000001D3AB0BF7C0>>
[ 2026-03-04 18:01:26,752 ] botocore.hooks - DEBUG - Event choose-signer.s3.PutObject: calling handler <function set_operation_specific_signer at 0x000001D3AA90C0D0>
[ 2026-03-04 18:01:26,752 ] botocore.hooks - DEBUG - Event before-sign.s3.PutObject: calling handler <bound method S3EndpointSetter.set_endpoint of <botocore.utils.S3EndpointSetter object at 0x000001D3AB0BF7C0>>
[ 2026-03-04 18:01:26,752 ] botocore.utils - DEBUG - Checking for DNS compatible bucket for: https://s3.ap-south-1.amazonaws.com/ankan-customer-segmentation-bucket/model.pkl
[ 2026-03-04 18:01:26,752 ] botocore.utils - DEBUG - URI updated to: https://ankan-customer-segmentation-bucket.s3.ap-south-1.amazonaws.com/model.pkl
[ 2026-03-04 18:01:26,753 ] botocore.auth - DEBUG - Calculating signature using v4 auth.
[ 2026-03-04 18:01:26,753 ] botocore.auth - DEBUG - CanonicalRequest:
PUT
/model.pkl

content-md5:/EWC9N/0OnfjursTfk6VYw==
host:ankan-customer-segmentation-bucket.s3.ap-south-1.amazonaws.com
x-amz-content-sha256:UNSIGNED-PAYLOAD
x-amz-date:20260304T123126Z

content-md5;host;x-amz-content-sha256;x-amz-date
UNSIGNED-PAYLOAD
[ 2026-03-04 18:01:26,753 ] botocore.auth - DEBUG - StringToSign:
AWS4-HMAC-SHA256
20260304T123126Z
20260304/ap-south-1/s3/aws4_request
6f8f1260cc7585c06467ab2784147a46aaa0a7cce4c51d727574bba6fcd3b0b0
[ 2026-03-04 18:01:26,753 ] botocore.auth - DEBUG - Signature:
f7d3e4805400e79448e3f4c2aa3935a5d3b11df52917f243e6d84b869a65b1f0
[ 2026-03-04 18:01:26,753 ] botocore.hooks - DEBUG - Event request-created.s3.PutObject: calling handler <function signal_transferring at 0x000001D3A74EB490>
[ 2026-03-04 18:01:26,753 ] botocore.hooks - DEBUG - Event request-created.s3.PutObject: calling handler <function add_retry_headers at 0x000001D3AA90E0E0>
[ 2026-03-04 18:01:26,753 ] botocore.endpoint - DEBUG - Sending http request: <AWSPreparedRequest stream_output=False, method=PUT, url=https://ankan-customer-segmentation-bucket.s3.ap-south-1.amazonaws.com/model.pkl, headers={'User-Agent': b'Boto3/1.24.84 Python/3.10.11 Windows/10 Botocore/1.27.96 Resource', 'Content-MD5': b'/EWC9N/0OnfjursTfk6VYw==', 'Expect': b'100-continue', 'X-Amz-Date': b'20260304T123126Z', 'X-Amz-Content-SHA256': b'UNSIGNED-PAYLOAD', 'Authorization': b'AWS4-HMAC-SHA256 Credential=AKIA5OGYVVGOYWO22LU3/20260304/ap-south-1/s3/aws4_request, SignedHeaders=content-md5;host;x-amz-content-sha256;x-amz-date, Signature=f7d3e4805400e79448e3f4c2aa3935a5d3b11df52917f243e6d84b869a65b1f0', 'amz-sdk-invocation-id': b'a7ec296a-2636-4a6c-98e3-27db71601a89', 'amz-sdk-request': b'attempt=1', 'Content-Length': '4532'}>
[ 2026-03-04 18:01:26,753 ] botocore.httpsession - DEBUG - Certificate path: C:\Users\ankan\Downloads\Customer-Categorizer\venv\lib\site-packages\certifi\cacert.pem
[ 2026-03-04 18:01:26,753 ] botocore.awsrequest - DEBUG - Waiting for 100 Continue response.
[ 2026-03-04 18:01:26,800 ] botocore.awsrequest - DEBUG - Received a non 100 Continue response from the server, NOT sending request body.
[ 2026-03-04 18:01:26,801 ] urllib3.connectionpool - DEBUG - https://ankan-customer-segmentation-bucket.s3.ap-south-1.amazonaws.com:443 "PUT /model.pkl HTTP/1.1" 404 None
[ 2026-03-04 18:01:26,801 ] botocore.parsers - DEBUG - Response headers: {'x-amz-request-id': '1BJQXB6265NXZ7XS', 'x-amz-id-2': 'ZGa5dT9dwN72KRplli0fNvyVeO7OkRkdMtXoS904h4DXo8BdY/fRt942TWq646zPlIfChL65+pWuRggHfHEp+PlJh658m9Pq', 'Content-Type': 'application/xml', 'Transfer-Encoding': 'chunked', 'Date': 'Wed, 04 Mar 2026 12:31:29 GMT', 'Connection': 'close', 'Server': 'AmazonS3'}
[ 2026-03-04 18:01:26,801 ] botocore.parsers - DEBUG - Response body:
b'<?xml version="1.0" encoding="UTF-8"?>\n<Error><Code>NoSuchBucket</Code><Message>The specified bucket does not exist</Message><BucketName>ankan-customer-segmentation-bucket</BucketName><RequestId>1BJQXB6265NXZ7XS</RequestId><HostId>ZGa5dT9dwN72KRplli0fNvyVeO7OkRkdMtXoS904h4DXo8BdY/fRt942TWq646zPlIfChL65+pWuRggHfHEp+PlJh658m9Pq</HostId></Error>'
[ 2026-03-04 18:01:26,802 ] botocore.parsers - DEBUG - Response headers: {'x-amz-request-id': '1BJQXB6265NXZ7XS', 'x-amz-id-2': 'ZGa5dT9dwN72KRplli0fNvyVeO7OkRkdMtXoS904h4DXo8BdY/fRt942TWq646zPlIfChL65+pWuRggHfHEp+PlJh658m9Pq', 'Content-Type': 'application/xml', 'Transfer-Encoding': 'chunked', 'Date': 'Wed, 04 Mar 2026 12:31:29 GMT', 'Connection': 'close', 'Server': 'AmazonS3'}
[ 2026-03-04 18:01:26,802 ] botocore.parsers - DEBUG - Response body:
b'<?xml version="1.0" encoding="UTF-8"?>\n<Error><Code>NoSuchBucket</Code><Message>The specified bucket does not exist</Message><BucketName>ankan-customer-segmentation-bucket</BucketName><RequestId>1BJQXB6265NXZ7XS</RequestId><HostId>ZGa5dT9dwN72KRplli0fNvyVeO7OkRkdMtXoS904h4DXo8BdY/fRt942TWq646zPlIfChL65+pWuRggHfHEp+PlJh658m9Pq</HostId></Error>'
[ 2026-03-04 18:01:26,802 ] botocore.hooks - DEBUG - Event needs-retry.s3.PutObject: calling handler <botocore.retryhandler.RetryHandler object at 0x000001D3AB0BFBE0>
[ 2026-03-04 18:01:26,802 ] botocore.retryhandler - DEBUG - No retry needed.
[ 2026-03-04 18:01:26,802 ] botocore.hooks - DEBUG - Event needs-retry.s3.PutObject: calling handler <bound method S3RegionRedirector.redirect_from_error of <botocore.utils.S3RegionRedirector object at 0x000001D3AB0BFF10>>
[ 2026-03-04 18:01:26,802 ] s3transfer.tasks - DEBUG - Exception raised.
Traceback (most recent call last):
  File "C:\Users\ankan\Downloads\Customer-Categorizer\venv\lib\site-packages\s3transfer\tasks.py", line 139, in __call__
    return self._execute_main(kwargs)
  File "C:\Users\ankan\Downloads\Customer-Categorizer\venv\lib\site-packages\s3transfer\tasks.py", line 162, in _execute_main
    return_value = self._main(**kwargs)
  File "C:\Users\ankan\Downloads\Customer-Categorizer\venv\lib\site-packages\s3transfer\upload.py", line 758, in _main
    client.put_object(Bucket=bucket, Key=key, Body=body, **extra_args)
  File "C:\Users\ankan\Downloads\Customer-Categorizer\venv\lib\site-packages\botocore\client.py", line 514, in _api_call
    return self._make_api_call(operation_name, kwargs)
  File "C:\Users\ankan\Downloads\Customer-Categorizer\venv\lib\site-packages\botocore\client.py", line 938, in _make_api_call
    raise error_class(parsed_response, operation_name)
botocore.errorfactory.NoSuchBucket: An error occurred (NoSuchBucket) when calling the PutObject operation: The specified bucket does not exist
[ 2026-03-04 18:01:26,857 ] s3transfer.utils - DEBUG - Releasing acquire 0/None
[ 2026-03-04 18:07:20,289 ] root - INFO - Entered the run_pipeline method of TrainPipeline class
[ 2026-03-04 18:07:20,290 ] root - INFO - Entered the start_data_ingestion method of TrainPipeline class
[ 2026-03-04 18:07:20,290 ] root - INFO - Getting the data from mongodb
[ 2026-03-04 18:07:20,290 ] root - INFO - Entered initiate_data_ingestion method of Data_Ingestion class
[ 2026-03-04 18:07:20,290 ] root - INFO - Exporting data from mongodb
[ 2026-03-04 18:07:27,068 ] root - INFO - Shape of dataframe: (2240, 29)
[ 2026-03-04 18:07:27,071 ] root - INFO - Saving exported data into feature store file path: src\artifact\03_04_2026_18_07_19\data_ingestion\feature_store\customer.csv
[ 2026-03-04 18:07:27,090 ] root - INFO - Got the data from mongodb
[ 2026-03-04 18:07:27,090 ] root - INFO - Entered split_data_as_train_test method of Data_Ingestion class
[ 2026-03-04 18:07:27,093 ] root - INFO - Performed train test split on the dataframe
[ 2026-03-04 18:07:27,093 ] root - INFO - Exited split_data_as_train_test method of Data_Ingestion class
[ 2026-03-04 18:07:27,103 ] root - INFO - Training data has been saved
[ 2026-03-04 18:07:27,108 ] root - INFO - Test data has been saved
[ 2026-03-04 18:07:27,108 ] root - INFO - Performed train test split on the dataset
[ 2026-03-04 18:07:27,109 ] root - INFO - Exited initiate_data_ingestion method of Data_Ingestion class
[ 2026-03-04 18:07:27,109 ] root - INFO - Data ingestion artifact: DataIngestionArtifact(trained_file_path='src\\artifact\\03_04_2026_18_07_19\\data_ingestion\\ingested\\train.csv', test_file_path='src\\artifact\\03_04_2026_18_07_19\\data_ingestion\\ingested\\test.csv')
[ 2026-03-04 18:07:27,110 ] root - INFO - Got the train_set and test_set from mongodb
[ 2026-03-04 18:07:27,110 ] root - INFO - Exited the start_data_ingestion method of TrainPipeline class
[ 2026-03-04 18:07:27,110 ] root - INFO - Entered the start_data_validation method of TrainPipeline class
[ 2026-03-04 18:07:27,113 ] root - INFO - Entered initiate_data_validation method of Data_Validation class
[ 2026-03-04 18:07:27,113 ] root - INFO - Initiated data validation for the dataset
[ 2026-03-04 18:07:27,516 ] root - INFO - 1/26 drift detected.
[ 2026-03-04 18:07:27,516 ] root - INFO - Entered validate_dataset_schema_columns method of Data_Validation class
[ 2026-03-04 18:07:27,516 ] root - INFO - Validating dataset schema columns
[ 2026-03-04 18:07:27,516 ] root - INFO - Is required column present[{status}]
[ 2026-03-04 18:07:27,516 ] root - INFO - Validated dataset schema columns on the train set
[ 2026-03-04 18:07:27,516 ] root - INFO - Is required column present[{status}]
[ 2026-03-04 18:07:27,516 ] root - INFO - Validated dataset schema columns on the test set
[ 2026-03-04 18:07:27,517 ] root - INFO - Validated dataset schema columns
[ 2026-03-04 18:07:27,517 ] root - INFO - Schema train cols status is True and schema test cols status is True
[ 2026-03-04 18:07:27,517 ] root - INFO - Validated dataset schema columns
[ 2026-03-04 18:07:27,517 ] root - INFO - Dataset schema validation completed
[ 2026-03-04 18:07:27,517 ] root - INFO - Performed the data validation operation
[ 2026-03-04 18:07:27,517 ] root - INFO - Exited the start_data_validation method of TrainPipeline class
[ 2026-03-04 18:07:27,517 ] root - INFO - Entered the start_data_transformation method of TrainPipeline class
[ 2026-03-04 18:07:27,517 ] root - INFO - Entered initiate_data_transformation method of Data_Transformation class
[ 2026-03-04 18:07:27,557 ] root - INFO - New features has been created.
[ 2026-03-04 18:07:27,557 ] root - INFO - Got the preprocessor object
[ 2026-03-04 18:07:27,557 ] root - INFO - Entered get_data_transformer_object method of DataTransformation class
[ 2026-03-04 18:07:27,557 ] root - INFO - Got numerical cols from schema config
[ 2026-03-04 18:07:27,558 ] root - INFO - Initialized StandardScaler, SimpleImputer
[ 2026-03-04 18:07:27,602 ] root - INFO - Entered the save_object method of MainUtils class
[ 2026-03-04 18:07:27,603 ] root - INFO - Exited the save_object method of MainUtils class
[ 2026-03-04 18:07:27,604 ] root - INFO - Saved Preprocessor object to src\artifact\03_04_2026_18_07_19\data_transformation\transformed_object
[ 2026-03-04 18:07:27,604 ] root - INFO - Exited get_data_transformer_object method of DataTransformation class
[ 2026-03-04 18:07:27,604 ] root - INFO - Initializing clustering...
[ 2026-03-04 18:07:27,617 ] root - INFO - PCA transformation is done
[ 2026-03-04 18:07:30,025 ] root - INFO - Clustering is done
[ 2026-03-04 18:07:30,025 ] root - INFO - Initializing clustering...
[ 2026-03-04 18:07:30,028 ] root - INFO - PCA transformation is done
[ 2026-03-04 18:07:30,033 ] root - INFO - Clustering is done
[ 2026-03-04 18:07:30,040 ] root - INFO - Entered the start_model_trainer method of TrainPipeline class
[ 2026-03-04 18:07:30,040 ] root - INFO - Entered initiate_model_trainer method of ModelTrainer class
[ 2026-03-04 18:07:30,080 ] neuro_mf - INFO - Started Initializing model from config file
[ 2026-03-04 18:07:30,080 ] neuro_mf - INFO - {'C': 1000, 'max_iter': 500, 'multi_class': 'auto', 'penalty': 'l2', 'solver': 'lbfgs'}
[ 2026-03-04 18:07:30,082 ] neuro_mf - INFO - Initialized model: [InitializedModelDetail(model_serial_number='module_0', model=LogisticRegression(C=1000, max_iter=500, multi_class='auto'), param_grid_search={'C': [1000], 'max_iter': [113], 'multi_class': ['auto'], 'penalty': ['l2'], 'solver': ['lbfgs']}, model_name='sklearn.linear_model.LogisticRegression')]
[ 2026-03-04 18:07:30,082 ] neuro_mf - INFO - ('**************************************************', 'training LogisticRegression', '**************************************************')
[ 2026-03-04 18:07:30,083 ] neuro_mf - INFO - {'cv': 3, 'verbose': 3}
[ 2026-03-04 18:07:30,181 ] neuro_mf - INFO - Acceptable model found:GridSearchedBestModel(model_serial_number='module_0', model=LogisticRegression(C=1000, max_iter=500, multi_class='auto'), best_model=LogisticRegression(C=1000, max_iter=113, multi_class='auto'), best_parameters={'C': 1000, 'max_iter': 113, 'multi_class': 'auto', 'penalty': 'l2', 'solver': 'lbfgs'}, best_score=0.988842391070925)
[ 2026-03-04 18:07:30,181 ] neuro_mf - INFO - Best model: GridSearchedBestModel(model_serial_number='module_0', model=LogisticRegression(C=1000, max_iter=500, multi_class='auto'), best_model=LogisticRegression(C=1000, max_iter=113, multi_class='auto'), best_parameters={'C': 1000, 'max_iter': 113, 'multi_class': 'auto', 'penalty': 'l2', 'solver': 'lbfgs'}, best_score=0.988842391070925)
[ 2026-03-04 18:07:30,181 ] root - INFO - Entered the load_object method of MainUtils class
[ 2026-03-04 18:07:30,182 ] root - INFO - Exited the load_object method of MainUtils class
[ 2026-03-04 18:07:30,182 ] root - INFO - Customer Segmentation Model is created and saved.
[ 2026-03-04 18:07:30,183 ] root - INFO - Entered the save_object method of MainUtils class
[ 2026-03-04 18:07:30,185 ] root - INFO - Exited the save_object method of MainUtils class
[ 2026-03-04 18:07:30,185 ] root - INFO - Customer Segmentation Model is saved successfully at: src\artifact\03_04_2026_18_07_19\model_trainer\trained_model
[ 2026-03-04 18:07:30,185 ] root - INFO - Model training completed successfully
[ 2026-03-04 18:07:30,185 ] root - INFO - Model trainer artifact: ModelTrainerArtifact(trained_model_file_path='src\\artifact\\03_04_2026_18_07_19\\model_trainer\\trained_model\\model.pkl', metric_artifact=ClassificationMetricArtifact(f1_score=0.8, precision_score=0.8, recall_score=0.9))
[ 2026-03-04 18:07:30,185 ] root - INFO - model trained successfully
[ 2026-03-04 18:07:30,190 ] root - INFO - Entered the load_object method of MainUtils class
[ 2026-03-04 18:07:30,209 ] root - INFO - Exited the load_object method of MainUtils class
[ 2026-03-04 18:07:30,209 ] root - INFO - Entered predict method of srcTruckModel class
[ 2026-03-04 18:07:30,209 ] root - INFO - Using the trained model to get predictions
[ 2026-03-04 18:07:30,216 ] root - INFO - Used the trained model to get predictions
[ 2026-03-04 18:07:30,224 ] botocore.hooks - DEBUG - Changing event name from creating-client-class.iot-data to creating-client-class.iot-data-plane
[ 2026-03-04 18:07:30,226 ] botocore.hooks - DEBUG - Changing event name from before-call.apigateway to before-call.api-gateway
[ 2026-03-04 18:07:30,226 ] botocore.hooks - DEBUG - Changing event name from request-created.machinelearning.Predict to request-created.machine-learning.Predict
[ 2026-03-04 18:07:30,227 ] botocore.hooks - DEBUG - Changing event name from before-parameter-build.autoscaling.CreateLaunchConfiguration to before-parameter-build.auto-scaling.CreateLaunchConfiguration
[ 2026-03-04 18:07:30,227 ] botocore.hooks - DEBUG - Changing event name from before-parameter-build.route53 to before-parameter-build.route-53
[ 2026-03-04 18:07:30,227 ] botocore.hooks - DEBUG - Changing event name from request-created.cloudsearchdomain.Search to request-created.cloudsearch-domain.Search
[ 2026-03-04 18:07:30,228 ] botocore.hooks - DEBUG - Changing event name from docs.*.autoscaling.CreateLaunchConfiguration.complete-section to docs.*.auto-scaling.CreateLaunchConfiguration.complete-section
[ 2026-03-04 18:07:30,229 ] botocore.hooks - DEBUG - Changing event name from before-parameter-build.logs.CreateExportTask to before-parameter-build.cloudwatch-logs.CreateExportTask
[ 2026-03-04 18:07:30,229 ] botocore.hooks - DEBUG - Changing event name from docs.*.logs.CreateExportTask.complete-section to docs.*.cloudwatch-logs.CreateExportTask.complete-section
[ 2026-03-04 18:07:30,229 ] botocore.hooks - DEBUG - Changing event name from before-parameter-build.cloudsearchdomain.Search to before-parameter-build.cloudsearch-domain.Search
[ 2026-03-04 18:07:30,230 ] botocore.hooks - DEBUG - Changing event name from docs.*.cloudsearchdomain.Search.complete-section to docs.*.cloudsearch-domain.Search.complete-section
[ 2026-03-04 18:07:30,257 ] botocore.loaders - DEBUG - Loading JSON file: C:\Users\ankan\Downloads\Customer-Categorizer\venv\lib\site-packages\boto3\data\s3\2006-03-01\resources-1.json
[ 2026-03-04 18:07:30,260 ] botocore.loaders - DEBUG - Loading JSON file: C:\Users\ankan\Downloads\Customer-Categorizer\venv\lib\site-packages\botocore\data\endpoints.json
[ 2026-03-04 18:07:30,323 ] botocore.loaders - DEBUG - Loading JSON file: C:\Users\ankan\Downloads\Customer-Categorizer\venv\lib\site-packages\botocore\data\sdk-default-configuration.json
[ 2026-03-04 18:07:30,323 ] botocore.hooks - DEBUG - Event choose-service-name: calling handler <function handle_service_name_alias at 0x0000012E24F1E9E0>
[ 2026-03-04 18:07:30,352 ] botocore.loaders - DEBUG - Loading JSON file: C:\Users\ankan\Downloads\Customer-Categorizer\venv\lib\site-packages\botocore\data\s3\2006-03-01\service-2.json
[ 2026-03-04 18:07:30,358 ] botocore.hooks - DEBUG - Event creating-client-class.s3: calling handler <function add_generate_presigned_post at 0x0000012E24EA2B00>
[ 2026-03-04 18:07:30,359 ] botocore.hooks - DEBUG - Event creating-client-class.s3: calling handler <function lazy_call.<locals>._handler at 0x0000012E26D90550>
[ 2026-03-04 18:07:30,360 ] botocore.hooks - DEBUG - Event creating-client-class.s3: calling handler <function add_generate_presigned_url at 0x0000012E24EA28C0>
[ 2026-03-04 18:07:30,364 ] botocore.endpoint - DEBUG - Setting s3 timeout as (60, 60)
[ 2026-03-04 18:07:30,366 ] botocore.loaders - DEBUG - Loading JSON file: C:\Users\ankan\Downloads\Customer-Categorizer\venv\lib\site-packages\botocore\data\_retry.json
[ 2026-03-04 18:07:30,366 ] botocore.client - DEBUG - Registering retry handlers for service: s3
[ 2026-03-04 18:07:30,367 ] boto3.resources.factory - DEBUG - Loading s3:s3
[ 2026-03-04 18:07:30,368 ] botocore.hooks - DEBUG - Event choose-service-name: calling handler <function handle_service_name_alias at 0x0000012E24F1E9E0>
[ 2026-03-04 18:07:30,370 ] botocore.hooks - DEBUG - Event creating-client-class.s3: calling handler <function add_generate_presigned_post at 0x0000012E24EA2B00>
[ 2026-03-04 18:07:30,370 ] botocore.hooks - DEBUG - Event creating-client-class.s3: calling handler <function lazy_call.<locals>._handler at 0x0000012E26D90550>
[ 2026-03-04 18:07:30,370 ] botocore.hooks - DEBUG - Event creating-client-class.s3: calling handler <function add_generate_presigned_url at 0x0000012E24EA28C0>
[ 2026-03-04 18:07:30,371 ] botocore.endpoint - DEBUG - Setting s3 timeout as (60, 60)
[ 2026-03-04 18:07:30,371 ] botocore.client - DEBUG - Registering retry handlers for service: s3
[ 2026-03-04 18:07:30,372 ] root - INFO - Entered the get_bucket method of S3Operations class
[ 2026-03-04 18:07:30,372 ] boto3.resources.factory - DEBUG - Loading s3:Bucket
[ 2026-03-04 18:07:30,372 ] boto3.resources.model - DEBUG - Renaming Bucket attribute name
[ 2026-03-04 18:07:30,374 ] botocore.hooks - DEBUG - Event creating-resource-class.s3.Bucket: calling handler <function lazy_call.<locals>._handler at 0x0000012E26D908B0>
[ 2026-03-04 18:07:30,374 ] root - INFO - Exited the get_bucket method of S3Operations class
[ 2026-03-04 18:07:30,399 ] botocore.loaders - DEBUG - Loading JSON file: C:\Users\ankan\Downloads\Customer-Categorizer\venv\lib\site-packages\botocore\data\s3\2006-03-01\paginators-1.json
[ 2026-03-04 18:07:30,400 ] boto3.resources.collection - DEBUG - Calling paginated s3:list_objects with {'Bucket': 'ankan-customer-segmentation-bucket', 'Prefix': 'model.pkl'}
[ 2026-03-04 18:07:30,400 ] botocore.hooks - DEBUG - Event before-parameter-build.s3.ListObjects: calling handler <function set_list_objects_encoding_type_url at 0x0000012E24F3D630>
[ 2026-03-04 18:07:30,400 ] botocore.hooks - DEBUG - Event before-parameter-build.s3.ListObjects: calling handler <function validate_bucket_name at 0x0000012E24F3C3A0>
[ 2026-03-04 18:07:30,400 ] botocore.hooks - DEBUG - Event before-parameter-build.s3.ListObjects: calling handler <bound method S3RegionRedirector.redirect_from_cache of <botocore.utils.S3RegionRedirector object at 0x0000012E256F36D0>>
[ 2026-03-04 18:07:30,400 ] botocore.hooks - DEBUG - Event before-parameter-build.s3.ListObjects: calling handler <bound method S3ArnParamHandler.handle_arn of <botocore.utils.S3ArnParamHandler object at 0x0000012E256F3FA0>>
[ 2026-03-04 18:07:30,400 ] botocore.hooks - DEBUG - Event before-parameter-build.s3.ListObjects: calling handler <function generate_idempotent_uuid at 0x0000012E24F3C1F0>
[ 2026-03-04 18:07:30,401 ] botocore.hooks - DEBUG - Event before-call.s3.ListObjects: calling handler <function add_expect_header at 0x0000012E24F3C700>
[ 2026-03-04 18:07:30,401 ] botocore.hooks - DEBUG - Event before-call.s3.ListObjects: calling handler <bound method S3RegionRedirector.set_request_url of <botocore.utils.S3RegionRedirector object at 0x0000012E256F36D0>>
[ 2026-03-04 18:07:30,401 ] botocore.hooks - DEBUG - Event before-call.s3.ListObjects: calling handler <function add_recursion_detection_header at 0x0000012E24F1FE20>
[ 2026-03-04 18:07:30,401 ] botocore.hooks - DEBUG - Event before-call.s3.ListObjects: calling handler <function inject_api_version_header_if_needed at 0x0000012E24F3DA20>
[ 2026-03-04 18:07:30,401 ] botocore.endpoint - DEBUG - Making request for OperationModel(name=ListObjects) with params: {'url_path': '/ankan-customer-segmentation-bucket', 'query_string': {'prefix': 'model.pkl', 'encoding-type': 'url'}, 'method': 'GET', 'headers': {'User-Agent': 'Boto3/1.24.84 Python/3.10.11 Windows/10 Botocore/1.27.96 Resource'}, 'body': b'', 'url': 'https://s3.ap-south-1.amazonaws.com/ankan-customer-segmentation-bucket?prefix=model.pkl&encoding-type=url', 'context': {'client_region': 'ap-south-1', 'client_config': <botocore.config.Config object at 0x0000012E256F2020>, 'has_streaming_input': False, 'auth_type': None, 'encoding_type_auto_set': True, 'signing': {'bucket': 'ankan-customer-segmentation-bucket'}}}
[ 2026-03-04 18:07:30,401 ] botocore.hooks - DEBUG - Event request-created.s3.ListObjects: calling handler <bound method RequestSigner.handler of <botocore.signers.RequestSigner object at 0x0000012E256F20E0>>
[ 2026-03-04 18:07:30,401 ] botocore.hooks - DEBUG - Event choose-signer.s3.ListObjects: calling handler <bound method S3EndpointSetter.set_signer of <botocore.utils.S3EndpointSetter object at 0x0000012E256F3A30>>
[ 2026-03-04 18:07:30,401 ] botocore.hooks - DEBUG - Event choose-signer.s3.ListObjects: calling handler <function set_operation_specific_signer at 0x0000012E24F3C0D0>
[ 2026-03-04 18:07:30,401 ] botocore.hooks - DEBUG - Event before-sign.s3.ListObjects: calling handler <bound method S3EndpointSetter.set_endpoint of <botocore.utils.S3EndpointSetter object at 0x0000012E256F3A30>>
[ 2026-03-04 18:07:30,401 ] botocore.utils - DEBUG - Defaulting to S3 virtual host style addressing with path style addressing fallback.
[ 2026-03-04 18:07:30,402 ] botocore.utils - DEBUG - Checking for DNS compatible bucket for: https://s3.ap-south-1.amazonaws.com/ankan-customer-segmentation-bucket?prefix=model.pkl&encoding-type=url
[ 2026-03-04 18:07:30,402 ] botocore.utils - DEBUG - URI updated to: https://ankan-customer-segmentation-bucket.s3.ap-south-1.amazonaws.com/?prefix=model.pkl&encoding-type=url
[ 2026-03-04 18:07:30,402 ] botocore.auth - DEBUG - Calculating signature using v4 auth.
[ 2026-03-04 18:07:30,402 ] botocore.auth - DEBUG - CanonicalRequest:
GET
/
encoding-type=url&prefix=model.pkl
host:ankan-customer-segmentation-bucket.s3.ap-south-1.amazonaws.com
x-amz-content-sha256:e3b0c44298fc1c149afbf4c8996fb92427ae41e4649b934ca495991b7852b855
x-amz-date:20260304T123730Z

host;x-amz-content-sha256;x-amz-date
e3b0c44298fc1c149afbf4c8996fb92427ae41e4649b934ca495991b7852b855
[ 2026-03-04 18:07:30,402 ] botocore.auth - DEBUG - StringToSign:
AWS4-HMAC-SHA256
20260304T123730Z
20260304/ap-south-1/s3/aws4_request
15806a10b2c59c2c8a9c98f179b8c19d5ef7119eecaa6721c2e89562ec5e85a1
[ 2026-03-04 18:07:30,402 ] botocore.auth - DEBUG - Signature:
3c76db14e3691862fdb55ed1ed96e607a1ea477c699d0c3d29a82a2a28c29cdc
[ 2026-03-04 18:07:30,402 ] botocore.hooks - DEBUG - Event request-created.s3.ListObjects: calling handler <function add_retry_headers at 0x0000012E24F3E0E0>
[ 2026-03-04 18:07:30,402 ] botocore.endpoint - DEBUG - Sending http request: <AWSPreparedRequest stream_output=False, method=GET, url=https://ankan-customer-segmentation-bucket.s3.ap-south-1.amazonaws.com/?prefix=model.pkl&encoding-type=url, headers={'User-Agent': b'Boto3/1.24.84 Python/3.10.11 Windows/10 Botocore/1.27.96 Resource', 'X-Amz-Date': b'20260304T123730Z', 'X-Amz-Content-SHA256': b'e3b0c44298fc1c149afbf4c8996fb92427ae41e4649b934ca495991b7852b855', 'Authorization': b'AWS4-HMAC-SHA256 Credential=AKIA5OGYVVGOYWO22LU3/20260304/ap-south-1/s3/aws4_request, SignedHeaders=host;x-amz-content-sha256;x-amz-date, Signature=3c76db14e3691862fdb55ed1ed96e607a1ea477c699d0c3d29a82a2a28c29cdc', 'amz-sdk-invocation-id': b'076f6ec9-0543-4008-a345-75a275639217', 'amz-sdk-request': b'attempt=1'}>
[ 2026-03-04 18:07:30,403 ] botocore.httpsession - DEBUG - Certificate path: C:\Users\ankan\Downloads\Customer-Categorizer\venv\lib\site-packages\certifi\cacert.pem
[ 2026-03-04 18:07:30,403 ] urllib3.connectionpool - DEBUG - Starting new HTTPS connection (1): ankan-customer-segmentation-bucket.s3.ap-south-1.amazonaws.com:443
[ 2026-03-04 18:07:30,622 ] urllib3.connectionpool - DEBUG - https://ankan-customer-segmentation-bucket.s3.ap-south-1.amazonaws.com:443 "GET /?prefix=model.pkl&encoding-type=url HTTP/1.1" 301 None
[ 2026-03-04 18:07:30,626 ] botocore.parsers - DEBUG - Response headers: {'x-amz-bucket-region': 'ap-southeast-2', 'x-amz-request-id': '73VD0Q6WCGNGTC7N', 'x-amz-id-2': 'ugTN/lvuc6DyE7HrFWHvatwO/Wm3dGhg7HeDx0HFYttMK4hfeApamAIyGO+57N2fIVcCYMLSHdeqM6CTeio4c42AAPwRn2Dm', 'Content-Type': 'application/xml', 'Transfer-Encoding': 'chunked', 'Date': 'Wed, 04 Mar 2026 12:37:33 GMT', 'Server': 'AmazonS3'}
[ 2026-03-04 18:07:30,626 ] botocore.parsers - DEBUG - Response body:
b'<?xml version="1.0" encoding="UTF-8"?>\n<Error><Code>PermanentRedirect</Code><Message>The bucket you are attempting to access must be addressed using the specified endpoint. Please send all future requests to this endpoint.</Message><Endpoint>ankan-customer-segmentation-bucket.s3-ap-southeast-2.amazonaws.com</Endpoint><Bucket>ankan-customer-segmentation-bucket</Bucket><RequestId>73VD0Q6WCGNGTC7N</RequestId><HostId>ugTN/lvuc6DyE7HrFWHvatwO/Wm3dGhg7HeDx0HFYttMK4hfeApamAIyGO+57N2fIVcCYMLSHdeqM6CTeio4c42AAPwRn2Dm</HostId></Error>'
[ 2026-03-04 18:07:30,628 ] botocore.hooks - DEBUG - Event needs-retry.s3.ListObjects: calling handler <botocore.retryhandler.RetryHandler object at 0x0000012E256F38B0>
[ 2026-03-04 18:07:30,628 ] botocore.retryhandler - DEBUG - No retry needed.
[ 2026-03-04 18:07:30,629 ] botocore.hooks - DEBUG - Event needs-retry.s3.ListObjects: calling handler <bound method S3RegionRedirector.redirect_from_error of <botocore.utils.S3RegionRedirector object at 0x0000012E256F36D0>>
[ 2026-03-04 18:07:30,629 ] botocore.utils - DEBUG - S3 client configured for region ap-south-1 but the bucket ankan-customer-segmentation-bucket is in region ap-southeast-2; Please configure the proper region to avoid multiple unnecessary redirects and signing attempts.
[ 2026-03-04 18:07:30,629 ] botocore.utils - DEBUG - Updating URI from https://s3.ap-south-1.amazonaws.com/ankan-customer-segmentation-bucket?prefix=model.pkl&encoding-type=url to https://s3.ap-southeast-2.amazonaws.com/ankan-customer-segmentation-bucket?prefix=model.pkl&encoding-type=url
[ 2026-03-04 18:07:30,629 ] botocore.endpoint - DEBUG - Response received to retry, sleeping for 0 seconds
[ 2026-03-04 18:07:30,630 ] botocore.hooks - DEBUG - Event request-created.s3.ListObjects: calling handler <bound method RequestSigner.handler of <botocore.signers.RequestSigner object at 0x0000012E256F20E0>>
[ 2026-03-04 18:07:30,630 ] botocore.hooks - DEBUG - Event choose-signer.s3.ListObjects: calling handler <bound method S3EndpointSetter.set_signer of <botocore.utils.S3EndpointSetter object at 0x0000012E256F3A30>>
[ 2026-03-04 18:07:30,630 ] botocore.hooks - DEBUG - Event choose-signer.s3.ListObjects: calling handler <function set_operation_specific_signer at 0x0000012E24F3C0D0>
[ 2026-03-04 18:07:30,630 ] botocore.hooks - DEBUG - Event before-sign.s3.ListObjects: calling handler <bound method S3EndpointSetter.set_endpoint of <botocore.utils.S3EndpointSetter object at 0x0000012E256F3A30>>
[ 2026-03-04 18:07:30,630 ] botocore.utils - DEBUG - Checking for DNS compatible bucket for: https://s3.ap-southeast-2.amazonaws.com/ankan-customer-segmentation-bucket?prefix=model.pkl&encoding-type=url
[ 2026-03-04 18:07:30,630 ] botocore.utils - DEBUG - URI updated to: https://ankan-customer-segmentation-bucket.s3.ap-southeast-2.amazonaws.com/?prefix=model.pkl&encoding-type=url
[ 2026-03-04 18:07:30,630 ] botocore.auth - DEBUG - Calculating signature using v4 auth.
[ 2026-03-04 18:07:30,631 ] botocore.auth - DEBUG - CanonicalRequest:
GET
/
encoding-type=url&prefix=model.pkl
host:ankan-customer-segmentation-bucket.s3.ap-southeast-2.amazonaws.com
x-amz-content-sha256:e3b0c44298fc1c149afbf4c8996fb92427ae41e4649b934ca495991b7852b855
x-amz-date:20260304T123730Z

host;x-amz-content-sha256;x-amz-date
e3b0c44298fc1c149afbf4c8996fb92427ae41e4649b934ca495991b7852b855
[ 2026-03-04 18:07:30,631 ] botocore.auth - DEBUG - StringToSign:
AWS4-HMAC-SHA256
20260304T123730Z
20260304/ap-southeast-2/s3/aws4_request
df41e1410ae8d6e5c677981a64f8c8109ed230e21837e3cec78e7cb234cdc7b5
[ 2026-03-04 18:07:30,631 ] botocore.auth - DEBUG - Signature:
8841947682beb148e8f81464fb3e4be87fda8b86b4c5e5e8c6fc9c7f137aea34
[ 2026-03-04 18:07:30,631 ] botocore.hooks - DEBUG - Event request-created.s3.ListObjects: calling handler <function add_retry_headers at 0x0000012E24F3E0E0>
[ 2026-03-04 18:07:30,631 ] botocore.endpoint - DEBUG - Sending http request: <AWSPreparedRequest stream_output=False, method=GET, url=https://ankan-customer-segmentation-bucket.s3.ap-southeast-2.amazonaws.com/?prefix=model.pkl&encoding-type=url, headers={'User-Agent': b'Boto3/1.24.84 Python/3.10.11 Windows/10 Botocore/1.27.96 Resource', 'X-Amz-Date': b'20260304T123730Z', 'X-Amz-Content-SHA256': b'e3b0c44298fc1c149afbf4c8996fb92427ae41e4649b934ca495991b7852b855', 'Authorization': b'AWS4-HMAC-SHA256 Credential=AKIA5OGYVVGOYWO22LU3/20260304/ap-southeast-2/s3/aws4_request, SignedHeaders=host;x-amz-content-sha256;x-amz-date, Signature=8841947682beb148e8f81464fb3e4be87fda8b86b4c5e5e8c6fc9c7f137aea34', 'amz-sdk-invocation-id': b'076f6ec9-0543-4008-a345-75a275639217', 'amz-sdk-request': b'ttl=20260304T123833Z; attempt=2; max=5'}>
[ 2026-03-04 18:07:30,631 ] botocore.httpsession - DEBUG - Certificate path: C:\Users\ankan\Downloads\Customer-Categorizer\venv\lib\site-packages\certifi\cacert.pem
[ 2026-03-04 18:07:30,632 ] urllib3.connectionpool - DEBUG - Starting new HTTPS connection (1): ankan-customer-segmentation-bucket.s3.ap-southeast-2.amazonaws.com:443
[ 2026-03-04 18:07:31,301 ] urllib3.connectionpool - DEBUG - https://ankan-customer-segmentation-bucket.s3.ap-southeast-2.amazonaws.com:443 "GET /?prefix=model.pkl&encoding-type=url HTTP/1.1" 200 None
[ 2026-03-04 18:07:31,302 ] botocore.parsers - DEBUG - Response headers: {'x-amz-id-2': 'v+6yzDtOUeRVlot9vLfpnEBCDThzvkfq5T9boZiGDdca+ziufE4D7RRKp7Ky9xbxZedx7NOpN88=', 'x-amz-request-id': 'RTJK012FTAH84C2F', 'Date': 'Wed, 04 Mar 2026 12:37:35 GMT', 'x-amz-bucket-region': 'ap-southeast-2', 'Content-Type': 'application/xml', 'Transfer-Encoding': 'chunked', 'Server': 'AmazonS3'}
[ 2026-03-04 18:07:31,302 ] botocore.parsers - DEBUG - Response body:
b'<?xml version="1.0" encoding="UTF-8"?>\n<ListBucketResult xmlns="http://s3.amazonaws.com/doc/2006-03-01/"><Name>ankan-customer-segmentation-bucket</Name><Prefix>model.pkl</Prefix><Marker></Marker><MaxKeys>1000</MaxKeys><EncodingType>url</EncodingType><IsTruncated>false</IsTruncated></ListBucketResult>'
[ 2026-03-04 18:07:31,302 ] botocore.hooks - DEBUG - Event needs-retry.s3.ListObjects: calling handler <botocore.retryhandler.RetryHandler object at 0x0000012E256F38B0>
[ 2026-03-04 18:07:31,303 ] botocore.retryhandler - DEBUG - No retry needed.
[ 2026-03-04 18:07:31,303 ] botocore.hooks - DEBUG - Event needs-retry.s3.ListObjects: calling handler <bound method S3RegionRedirector.redirect_from_error of <botocore.utils.S3RegionRedirector object at 0x0000012E256F36D0>>
[ 2026-03-04 18:07:31,303 ] botocore.utils - DEBUG - S3 request was previously redirected, not redirecting.
[ 2026-03-04 18:07:31,303 ] botocore.hooks - DEBUG - Event after-call.s3.ListObjects: calling handler <function decode_list_object at 0x0000012E24F3D6C0>
[ 2026-03-04 18:07:31,303 ] boto3.resources.factory - DEBUG - Loading s3:ObjectSummary
[ 2026-03-04 18:07:31,303 ] boto3.resources.model - DEBUG - Renaming ObjectSummary attribute key
[ 2026-03-04 18:07:31,304 ] botocore.hooks - DEBUG - Event creating-resource-class.s3.ObjectSummary: calling handler <function lazy_call.<locals>._handler at 0x0000012E26D90670>
[ 2026-03-04 18:07:31,304 ] root - INFO - Result: EvaluateModelResponse(trained_model_f1_score=0.1413894324853229, best_model_f1_score=None, is_model_accepted=True, changed_accuracy=0.1413894324853229, best_model_metric_artifact=None)
[ 2026-03-04 18:07:31,304 ] root - INFO - Model evaluation artifact: ModelEvaluationArtifact(is_model_accepted=True, changed_accuracy=0.1413894324853229, best_model_path='src\\artifact\\03_04_2026_18_07_19\\model_trainer\\trained_model\\model.pkl', trained_model_path='src\\artifact\\03_04_2026_18_07_19\\model_trainer\\trained_model\\model.pkl', best_model_metric_artifact=None)
[ 2026-03-04 18:07:31,305 ] root - INFO - Entered initiate_model_pusher method of ModelTrainer class
[ 2026-03-04 18:07:31,305 ] root - INFO - Uploading artifacts folder to s3 bucket
[ 2026-03-04 18:07:31,305 ] root - INFO - Entered the upload_file method of S3Operations class
[ 2026-03-04 18:07:31,305 ] root - INFO - Uploading src\artifact\03_04_2026_18_07_19\model_trainer\trained_model\model.pkl file to model.pkl file in ankan-customer-segmentation-bucket bucket
[ 2026-03-04 18:07:31,305 ] s3transfer.utils - DEBUG - Acquiring 0
[ 2026-03-04 18:07:31,306 ] s3transfer.tasks - DEBUG - UploadSubmissionTask(transfer_id=0, {'transfer_future': <s3transfer.futures.TransferFuture object at 0x0000012E36E12B90>}) about to wait for the following futures []
[ 2026-03-04 18:07:31,306 ] s3transfer.tasks - DEBUG - UploadSubmissionTask(transfer_id=0, {'transfer_future': <s3transfer.futures.TransferFuture object at 0x0000012E36E12B90>}) done waiting for dependent futures
[ 2026-03-04 18:07:31,307 ] s3transfer.tasks - DEBUG - Executing task UploadSubmissionTask(transfer_id=0, {'transfer_future': <s3transfer.futures.TransferFuture object at 0x0000012E36E12B90>}) with kwargs {'client': <botocore.client.S3 object at 0x0000012E256F3310>, 'config': <boto3.s3.transfer.TransferConfig object at 0x0000012E26A058D0>, 'osutil': <s3transfer.utils.OSUtils object at 0x0000012E26A07040>, 'request_executor': <s3transfer.futures.BoundedExecutor object at 0x0000012E26A05990>, 'transfer_future': <s3transfer.futures.TransferFuture object at 0x0000012E36E12B90>}
[ 2026-03-04 18:07:31,307 ] s3transfer.futures - DEBUG - Submitting task PutObjectTask(transfer_id=0, {'bucket': 'ankan-customer-segmentation-bucket', 'key': 'model.pkl', 'extra_args': {}}) to executor <s3transfer.futures.BoundedExecutor object at 0x0000012E26A05990> for transfer request: 0.
[ 2026-03-04 18:07:31,307 ] s3transfer.utils - DEBUG - Acquiring 0
[ 2026-03-04 18:07:31,308 ] s3transfer.tasks - DEBUG - PutObjectTask(transfer_id=0, {'bucket': 'ankan-customer-segmentation-bucket', 'key': 'model.pkl', 'extra_args': {}}) about to wait for the following futures []
[ 2026-03-04 18:07:31,308 ] s3transfer.tasks - DEBUG - PutObjectTask(transfer_id=0, {'bucket': 'ankan-customer-segmentation-bucket', 'key': 'model.pkl', 'extra_args': {}}) done waiting for dependent futures
[ 2026-03-04 18:07:31,309 ] s3transfer.tasks - DEBUG - Executing task PutObjectTask(transfer_id=0, {'bucket': 'ankan-customer-segmentation-bucket', 'key': 'model.pkl', 'extra_args': {}}) with kwargs {'client': <botocore.client.S3 object at 0x0000012E256F3310>, 'fileobj': <s3transfer.utils.ReadFileChunk object at 0x0000012E36E13100>, 'bucket': 'ankan-customer-segmentation-bucket', 'key': 'model.pkl', 'extra_args': {}}
[ 2026-03-04 18:07:31,309 ] botocore.hooks - DEBUG - Event before-parameter-build.s3.PutObject: calling handler <function validate_ascii_metadata at 0x0000012E24F3D000>
[ 2026-03-04 18:07:31,310 ] botocore.hooks - DEBUG - Event before-parameter-build.s3.PutObject: calling handler <function sse_md5 at 0x0000012E24F3C430>
[ 2026-03-04 18:07:31,310 ] botocore.hooks - DEBUG - Event before-parameter-build.s3.PutObject: calling handler <function convert_body_to_file_like_object at 0x0000012E24F3D900>
[ 2026-03-04 18:07:31,310 ] botocore.hooks - DEBUG - Event before-parameter-build.s3.PutObject: calling handler <function validate_bucket_name at 0x0000012E24F3C3A0>
[ 2026-03-04 18:07:31,310 ] botocore.hooks - DEBUG - Event before-parameter-build.s3.PutObject: calling handler <bound method S3RegionRedirector.redirect_from_cache of <botocore.utils.S3RegionRedirector object at 0x0000012E256F36D0>>
[ 2026-03-04 18:07:31,310 ] botocore.hooks - DEBUG - Event before-parameter-build.s3.PutObject: calling handler <bound method S3ArnParamHandler.handle_arn of <botocore.utils.S3ArnParamHandler object at 0x0000012E256F3FA0>>
[ 2026-03-04 18:07:31,310 ] botocore.hooks - DEBUG - Event before-parameter-build.s3.PutObject: calling handler <function generate_idempotent_uuid at 0x0000012E24F3C1F0>
[ 2026-03-04 18:07:31,310 ] botocore.hooks - DEBUG - Event before-call.s3.PutObject: calling handler <function conditionally_calculate_md5 at 0x0000012E24E0E560>
[ 2026-03-04 18:07:31,311 ] s3transfer.utils - DEBUG - Releasing acquire 0/None
[ 2026-03-04 18:07:31,311 ] botocore.hooks - DEBUG - Event before-call.s3.PutObject: calling handler <function add_expect_header at 0x0000012E24F3C700>
[ 2026-03-04 18:07:31,311 ] botocore.handlers - DEBUG - Adding expect 100 continue header to request.
[ 2026-03-04 18:07:31,311 ] botocore.hooks - DEBUG - Event before-call.s3.PutObject: calling handler <bound method S3RegionRedirector.set_request_url of <botocore.utils.S3RegionRedirector object at 0x0000012E256F36D0>>
[ 2026-03-04 18:07:31,311 ] botocore.utils - DEBUG - Updating URI from https://s3.ap-south-1.amazonaws.com/ankan-customer-segmentation-bucket/model.pkl to https://s3.ap-southeast-2.amazonaws.com/ankan-customer-segmentation-bucket/model.pkl
[ 2026-03-04 18:07:31,311 ] botocore.hooks - DEBUG - Event before-call.s3.PutObject: calling handler <function add_recursion_detection_header at 0x0000012E24F1FE20>
[ 2026-03-04 18:07:31,311 ] botocore.hooks - DEBUG - Event before-call.s3.PutObject: calling handler <function inject_api_version_header_if_needed at 0x0000012E24F3DA20>
[ 2026-03-04 18:07:31,312 ] botocore.endpoint - DEBUG - Making request for OperationModel(name=PutObject) with params: {'url_path': '/ankan-customer-segmentation-bucket/model.pkl', 'query_string': {}, 'method': 'PUT', 'headers': {'User-Agent': 'Boto3/1.24.84 Python/3.10.11 Windows/10 Botocore/1.27.96 Resource', 'Content-MD5': '6yYdaw+r4CAJ5/RWo8d8gQ==', 'Expect': '100-continue'}, 'body': <s3transfer.utils.ReadFileChunk object at 0x0000012E36E13100>, 'url': 'https://s3.ap-southeast-2.amazonaws.com/ankan-customer-segmentation-bucket/model.pkl', 'context': {'client_region': 'ap-south-1', 'client_config': <botocore.config.Config object at 0x0000012E256F2020>, 'has_streaming_input': True, 'auth_type': None, 'signing': {'region': 'ap-southeast-2', 'bucket': 'ankan-customer-segmentation-bucket', 'endpoint': 'https://s3.ap-southeast-2.amazonaws.com'}}}
[ 2026-03-04 18:07:31,312 ] botocore.hooks - DEBUG - Event request-created.s3.PutObject: calling handler <function signal_not_transferring at 0x0000012E21B0B400>
[ 2026-03-04 18:07:31,312 ] botocore.hooks - DEBUG - Event request-created.s3.PutObject: calling handler <bound method RequestSigner.handler of <botocore.signers.RequestSigner object at 0x0000012E256F20E0>>
[ 2026-03-04 18:07:31,312 ] botocore.hooks - DEBUG - Event choose-signer.s3.PutObject: calling handler <bound method S3EndpointSetter.set_signer of <botocore.utils.S3EndpointSetter object at 0x0000012E256F3A30>>
[ 2026-03-04 18:07:31,312 ] botocore.hooks - DEBUG - Event choose-signer.s3.PutObject: calling handler <function set_operation_specific_signer at 0x0000012E24F3C0D0>
[ 2026-03-04 18:07:31,312 ] botocore.hooks - DEBUG - Event before-sign.s3.PutObject: calling handler <bound method S3EndpointSetter.set_endpoint of <botocore.utils.S3EndpointSetter object at 0x0000012E256F3A30>>
[ 2026-03-04 18:07:31,313 ] botocore.utils - DEBUG - Checking for DNS compatible bucket for: https://s3.ap-southeast-2.amazonaws.com/ankan-customer-segmentation-bucket/model.pkl
[ 2026-03-04 18:07:31,313 ] botocore.utils - DEBUG - URI updated to: https://ankan-customer-segmentation-bucket.s3.ap-southeast-2.amazonaws.com/model.pkl
[ 2026-03-04 18:07:31,313 ] botocore.auth - DEBUG - Calculating signature using v4 auth.
[ 2026-03-04 18:07:31,313 ] botocore.auth - DEBUG - CanonicalRequest:
PUT
/model.pkl

content-md5:6yYdaw+r4CAJ5/RWo8d8gQ==
host:ankan-customer-segmentation-bucket.s3.ap-southeast-2.amazonaws.com
x-amz-content-sha256:UNSIGNED-PAYLOAD
x-amz-date:20260304T123731Z

content-md5;host;x-amz-content-sha256;x-amz-date
UNSIGNED-PAYLOAD
[ 2026-03-04 18:07:31,313 ] botocore.auth - DEBUG - StringToSign:
AWS4-HMAC-SHA256
20260304T123731Z
20260304/ap-southeast-2/s3/aws4_request
8a903c740b63dc5776f8d6dc1c0e76efbbd2d25ca60b4541b94c1bfa52af9f00
[ 2026-03-04 18:07:31,313 ] botocore.auth - DEBUG - Signature:
dd1f00e983c564ec186e97e76b4042a6ffe3097de9a94040fa9db88937f90890
[ 2026-03-04 18:07:31,313 ] botocore.hooks - DEBUG - Event request-created.s3.PutObject: calling handler <function signal_transferring at 0x0000012E21B0B490>
[ 2026-03-04 18:07:31,313 ] botocore.hooks - DEBUG - Event request-created.s3.PutObject: calling handler <function add_retry_headers at 0x0000012E24F3E0E0>
[ 2026-03-04 18:07:31,313 ] botocore.endpoint - DEBUG - Sending http request: <AWSPreparedRequest stream_output=False, method=PUT, url=https://ankan-customer-segmentation-bucket.s3.ap-southeast-2.amazonaws.com/model.pkl, headers={'User-Agent': b'Boto3/1.24.84 Python/3.10.11 Windows/10 Botocore/1.27.96 Resource', 'Content-MD5': b'6yYdaw+r4CAJ5/RWo8d8gQ==', 'Expect': b'100-continue', 'X-Amz-Date': b'20260304T123731Z', 'X-Amz-Content-SHA256': b'UNSIGNED-PAYLOAD', 'Authorization': b'AWS4-HMAC-SHA256 Credential=AKIA5OGYVVGOYWO22LU3/20260304/ap-southeast-2/s3/aws4_request, SignedHeaders=content-md5;host;x-amz-content-sha256;x-amz-date, Signature=dd1f00e983c564ec186e97e76b4042a6ffe3097de9a94040fa9db88937f90890', 'amz-sdk-invocation-id': b'd8df8699-0da7-4a36-9bae-5c1bf7284364', 'amz-sdk-request': b'attempt=1', 'Content-Length': '4532'}>
[ 2026-03-04 18:07:31,314 ] botocore.httpsession - DEBUG - Certificate path: C:\Users\ankan\Downloads\Customer-Categorizer\venv\lib\site-packages\certifi\cacert.pem
[ 2026-03-04 18:07:31,315 ] botocore.awsrequest - DEBUG - Waiting for 100 Continue response.
[ 2026-03-04 18:07:31,496 ] botocore.awsrequest - DEBUG - 100 Continue response seen, now sending request body.
[ 2026-03-04 18:07:31,797 ] urllib3.connectionpool - DEBUG - https://ankan-customer-segmentation-bucket.s3.ap-southeast-2.amazonaws.com:443 "PUT /model.pkl HTTP/1.1" 200 0
[ 2026-03-04 18:07:31,798 ] botocore.parsers - DEBUG - Response headers: {'x-amz-id-2': 'ukO1EaphIQ/fVjAk07UBpiWmUa8JLrTlG9j+MyQDK2ANF+WUI2VcZsnIGpuHwMvOSVs7oFGQcTk=', 'x-amz-request-id': 'RTJT4FM7SAXCEE0X', 'Date': 'Wed, 04 Mar 2026 12:37:35 GMT', 'x-amz-server-side-encryption': 'AES256', 'ETag': '"eb261d6b0fabe02009e7f456a3c77c81"', 'x-amz-checksum-crc64nvme': 'fIrdLVFgK/U=', 'x-amz-checksum-type': 'FULL_OBJECT', 'Content-Length': '0', 'Server': 'AmazonS3'}
[ 2026-03-04 18:07:31,798 ] botocore.parsers - DEBUG - Response body:
b''
[ 2026-03-04 18:07:31,798 ] botocore.hooks - DEBUG - Event needs-retry.s3.PutObject: calling handler <botocore.retryhandler.RetryHandler object at 0x0000012E256F38B0>
[ 2026-03-04 18:07:31,798 ] botocore.retryhandler - DEBUG - No retry needed.
[ 2026-03-04 18:07:31,798 ] botocore.hooks - DEBUG - Event needs-retry.s3.PutObject: calling handler <bound method S3RegionRedirector.redirect_from_error of <botocore.utils.S3RegionRedirector object at 0x0000012E256F36D0>>
[ 2026-03-04 18:07:31,799 ] s3transfer.utils - DEBUG - Releasing acquire 0/None
[ 2026-03-04 18:07:31,799 ] root - INFO - Uploaded src\artifact\03_04_2026_18_07_19\model_trainer\trained_model\model.pkl file to model.pkl file in ankan-customer-segmentation-bucket bucket
[ 2026-03-04 18:07:31,800 ] root - INFO - Remove is set to False, not deleted the file
[ 2026-03-04 18:07:31,800 ] root - INFO - Exited the upload_file method of S3Operations class
[ 2026-03-04 18:07:31,800 ] root - INFO - Uploaded artifacts folder to s3 bucket
[ 2026-03-04 18:07:31,800 ] root - INFO - Model pusher artifact: [ModelPusherArtifact(bucket_name='ankan-customer-segmentation-bucket', s3_model_path='model.pkl')]
[ 2026-03-04 18:07:31,800 ] root - INFO - Exited initiate_model_pusher method of ModelTrainer class
[ 2026-03-04 18:07:31,800 ] root - INFO - Exited the run_pipeline method of TrainPipeline class
[ 2026-03-04 18:12:33,347 ] asyncio - DEBUG - Using proactor: IocpProactor
[ 2026-03-04 18:13:56,194 ] asyncio - DEBUG - Using proactor: IocpProactor
[ 2026-03-04 18:17:19,505 ] asyncio - DEBUG - Using proactor: IocpProactor
[ 2026-03-04 18:32:31,658 ] asyncio - DEBUG - Using proactor: IocpProactor
[ 2026-03-04 18:37:16,055 ] asyncio - DEBUG - Using proactor: IocpProactor
[ 2026-03-04 18:37:23,914 ] multipart.multipart - DEBUG - Calling on_field_start with no data
[ 2026-03-04 18:37:23,914 ] multipart.multipart - DEBUG - Calling on_field_name with data[0:3]
[ 2026-03-04 18:37:23,915 ] multipart.multipart - DEBUG - Calling on_field_data with data[4:6]
[ 2026-03-04 18:37:23,915 ] multipart.multipart - DEBUG - Calling on_field_end with no data
[ 2026-03-04 18:37:23,915 ] multipart.multipart - DEBUG - Calling on_field_start with no data
[ 2026-03-04 18:37:23,915 ] multipart.multipart - DEBUG - Calling on_field_name with data[7:16]
[ 2026-03-04 18:37:23,915 ] multipart.multipart - DEBUG - Calling on_field_data with data[17:18]
[ 2026-03-04 18:37:23,915 ] multipart.multipart - DEBUG - Calling on_field_end with no data
[ 2026-03-04 18:37:23,915 ] multipart.multipart - DEBUG - Calling on_field_start with no data
[ 2026-03-04 18:37:23,915 ] multipart.multipart - DEBUG - Calling on_field_name with data[19:33]
[ 2026-03-04 18:37:23,915 ] multipart.multipart - DEBUG - Calling on_field_data with data[34:35]
[ 2026-03-04 18:37:23,915 ] multipart.multipart - DEBUG - Calling on_field_end with no data
[ 2026-03-04 18:37:23,915 ] multipart.multipart - DEBUG - Calling on_field_start with no data
[ 2026-03-04 18:37:23,916 ] multipart.multipart - DEBUG - Calling on_field_name with data[36:51]
[ 2026-03-04 18:37:23,916 ] multipart.multipart - DEBUG - Calling on_field_data with data[52:53]
[ 2026-03-04 18:37:23,916 ] multipart.multipart - DEBUG - Calling on_field_end with no data
[ 2026-03-04 18:37:23,916 ] multipart.multipart - DEBUG - Calling on_field_start with no data
[ 2026-03-04 18:37:23,916 ] multipart.multipart - DEBUG - Calling on_field_name with data[54:62]
[ 2026-03-04 18:37:23,916 ] multipart.multipart - DEBUG - Calling on_field_data with data[63:64]
[ 2026-03-04 18:37:23,916 ] multipart.multipart - DEBUG - Calling on_field_end with no data
[ 2026-03-04 18:37:23,916 ] multipart.multipart - DEBUG - Calling on_field_start with no data
[ 2026-03-04 18:37:23,916 ] multipart.multipart - DEBUG - Calling on_field_name with data[65:71]
[ 2026-03-04 18:37:23,916 ] multipart.multipart - DEBUG - Calling on_field_data with data[72:78]
[ 2026-03-04 18:37:23,916 ] multipart.multipart - DEBUG - Calling on_field_end with no data
[ 2026-03-04 18:37:23,917 ] multipart.multipart - DEBUG - Calling on_field_start with no data
[ 2026-03-04 18:37:23,917 ] multipart.multipart - DEBUG - Calling on_field_name with data[79:93]
[ 2026-03-04 18:37:23,917 ] multipart.multipart - DEBUG - Calling on_field_data with data[94:99]
[ 2026-03-04 18:37:23,917 ] multipart.multipart - DEBUG - Calling on_field_end with no data
[ 2026-03-04 18:37:23,917 ] multipart.multipart - DEBUG - Calling on_field_start with no data
[ 2026-03-04 18:37:23,917 ] multipart.multipart - DEBUG - Calling on_field_name with data[100:116]
[ 2026-03-04 18:37:23,917 ] multipart.multipart - DEBUG - Calling on_field_data with data[117:120]
[ 2026-03-04 18:37:23,917 ] multipart.multipart - DEBUG - Calling on_field_end with no data
[ 2026-03-04 18:37:23,917 ] multipart.multipart - DEBUG - Calling on_field_start with no data
[ 2026-03-04 18:37:23,917 ] multipart.multipart - DEBUG - Calling on_field_name with data[121:128]
[ 2026-03-04 18:37:23,918 ] multipart.multipart - DEBUG - Calling on_field_data with data[129:132]
[ 2026-03-04 18:37:23,918 ] multipart.multipart - DEBUG - Calling on_field_end with no data
[ 2026-03-04 18:37:23,918 ] multipart.multipart - DEBUG - Calling on_field_start with no data
[ 2026-03-04 18:37:23,918 ] multipart.multipart - DEBUG - Calling on_field_name with data[133:138]
[ 2026-03-04 18:37:23,918 ] multipart.multipart - DEBUG - Calling on_field_data with data[139:142]
[ 2026-03-04 18:37:23,918 ] multipart.multipart - DEBUG - Calling on_field_end with no data
[ 2026-03-04 18:37:23,918 ] multipart.multipart - DEBUG - Calling on_field_start with no data
[ 2026-03-04 18:37:23,918 ] multipart.multipart - DEBUG - Calling on_field_name with data[143:149]
[ 2026-03-04 18:37:23,918 ] multipart.multipart - DEBUG - Calling on_field_data with data[150:153]
[ 2026-03-04 18:37:23,918 ] multipart.multipart - DEBUG - Calling on_field_end with no data
[ 2026-03-04 18:37:23,918 ] multipart.multipart - DEBUG - Calling on_field_start with no data
[ 2026-03-04 18:37:23,918 ] multipart.multipart - DEBUG - Calling on_field_name with data[154:158]
[ 2026-03-04 18:37:23,919 ] multipart.multipart - DEBUG - Calling on_field_data with data[159:162]
[ 2026-03-04 18:37:23,919 ] multipart.multipart - DEBUG - Calling on_field_end with no data
[ 2026-03-04 18:37:23,919 ] multipart.multipart - DEBUG - Calling on_field_start with no data
[ 2026-03-04 18:37:23,919 ] multipart.multipart - DEBUG - Calling on_field_name with data[163:167]
[ 2026-03-04 18:37:23,919 ] multipart.multipart - DEBUG - Calling on_field_data with data[168:171]
[ 2026-03-04 18:37:23,919 ] multipart.multipart - DEBUG - Calling on_field_end with no data
[ 2026-03-04 18:37:23,919 ] multipart.multipart - DEBUG - Calling on_field_start with no data
[ 2026-03-04 18:37:23,919 ] multipart.multipart - DEBUG - Calling on_field_name with data[172:178]
[ 2026-03-04 18:37:23,919 ] multipart.multipart - DEBUG - Calling on_field_data with data[179:182]
[ 2026-03-04 18:37:23,919 ] multipart.multipart - DEBUG - Calling on_field_end with no data
[ 2026-03-04 18:37:23,919 ] multipart.multipart - DEBUG - Calling on_field_start with no data
[ 2026-03-04 18:37:23,919 ] multipart.multipart - DEBUG - Calling on_field_name with data[183:187]
[ 2026-03-04 18:37:23,920 ] multipart.multipart - DEBUG - Calling on_field_data with data[188:191]
[ 2026-03-04 18:37:23,920 ] multipart.multipart - DEBUG - Calling on_field_end with no data
[ 2026-03-04 18:37:23,920 ] multipart.multipart - DEBUG - Calling on_field_start with no data
[ 2026-03-04 18:37:23,920 ] multipart.multipart - DEBUG - Calling on_field_name with data[192:195]
[ 2026-03-04 18:37:23,920 ] multipart.multipart - DEBUG - Calling on_field_data with data[196:199]
[ 2026-03-04 18:37:23,920 ] multipart.multipart - DEBUG - Calling on_field_end with no data
[ 2026-03-04 18:37:23,921 ] multipart.multipart - DEBUG - Calling on_field_start with no data
[ 2026-03-04 18:37:23,921 ] multipart.multipart - DEBUG - Calling on_field_name with data[200:207]
[ 2026-03-04 18:37:23,921 ] multipart.multipart - DEBUG - Calling on_field_data with data[208:212]
[ 2026-03-04 18:37:23,921 ] multipart.multipart - DEBUG - Calling on_field_end with no data
[ 2026-03-04 18:37:23,921 ] multipart.multipart - DEBUG - Calling on_field_start with no data
[ 2026-03-04 18:37:23,921 ] multipart.multipart - DEBUG - Calling on_field_name with data[213:218]
[ 2026-03-04 18:37:23,921 ] multipart.multipart - DEBUG - Calling on_field_data with data[219:222]
[ 2026-03-04 18:37:23,921 ] multipart.multipart - DEBUG - Calling on_field_end with no data
[ 2026-03-04 18:37:23,921 ] multipart.multipart - DEBUG - Calling on_field_start with no data
[ 2026-03-04 18:37:23,921 ] multipart.multipart - DEBUG - Calling on_field_name with data[223:241]
[ 2026-03-04 18:37:23,921 ] multipart.multipart - DEBUG - Calling on_field_data with data[242:245]
[ 2026-03-04 18:37:23,923 ] multipart.multipart - DEBUG - Calling on_field_end with no data
[ 2026-03-04 18:37:23,923 ] multipart.multipart - DEBUG - Calling on_field_start with no data
[ 2026-03-04 18:37:23,923 ] multipart.multipart - DEBUG - Calling on_field_name with data[246:257]
[ 2026-03-04 18:37:23,923 ] multipart.multipart - DEBUG - Calling on_field_data with data[258:261]
[ 2026-03-04 18:37:23,923 ] multipart.multipart - DEBUG - Calling on_field_end with no data
[ 2026-03-04 18:37:23,923 ] multipart.multipart - DEBUG - Calling on_field_start with no data
[ 2026-03-04 18:37:23,923 ] multipart.multipart - DEBUG - Calling on_field_name with data[262:279]
[ 2026-03-04 18:37:23,923 ] multipart.multipart - DEBUG - Calling on_field_data with data[280:283]
[ 2026-03-04 18:37:23,923 ] multipart.multipart - DEBUG - Calling on_field_end with no data
[ 2026-03-04 18:37:23,923 ] multipart.multipart - DEBUG - Calling on_end with no data
[ 2026-03-04 18:37:24,072 ] root - INFO - customerDatafram has been created
[ 2026-03-04 18:37:24,073 ] botocore.hooks - DEBUG - Changing event name from creating-client-class.iot-data to creating-client-class.iot-data-plane
[ 2026-03-04 18:37:24,076 ] botocore.hooks - DEBUG - Changing event name from before-call.apigateway to before-call.api-gateway
[ 2026-03-04 18:37:24,078 ] botocore.hooks - DEBUG - Changing event name from request-created.machinelearning.Predict to request-created.machine-learning.Predict
[ 2026-03-04 18:37:24,080 ] botocore.hooks - DEBUG - Changing event name from before-parameter-build.autoscaling.CreateLaunchConfiguration to before-parameter-build.auto-scaling.CreateLaunchConfiguration
[ 2026-03-04 18:37:24,081 ] botocore.hooks - DEBUG - Changing event name from before-parameter-build.route53 to before-parameter-build.route-53
[ 2026-03-04 18:37:24,081 ] botocore.hooks - DEBUG - Changing event name from request-created.cloudsearchdomain.Search to request-created.cloudsearch-domain.Search
[ 2026-03-04 18:37:24,083 ] botocore.hooks - DEBUG - Changing event name from docs.*.autoscaling.CreateLaunchConfiguration.complete-section to docs.*.auto-scaling.CreateLaunchConfiguration.complete-section
[ 2026-03-04 18:37:24,087 ] botocore.hooks - DEBUG - Changing event name from before-parameter-build.logs.CreateExportTask to before-parameter-build.cloudwatch-logs.CreateExportTask
[ 2026-03-04 18:37:24,088 ] botocore.hooks - DEBUG - Changing event name from docs.*.logs.CreateExportTask.complete-section to docs.*.cloudwatch-logs.CreateExportTask.complete-section
[ 2026-03-04 18:37:24,088 ] botocore.hooks - DEBUG - Changing event name from before-parameter-build.cloudsearchdomain.Search to before-parameter-build.cloudsearch-domain.Search
[ 2026-03-04 18:37:24,088 ] botocore.hooks - DEBUG - Changing event name from docs.*.cloudsearchdomain.Search.complete-section to docs.*.cloudsearch-domain.Search.complete-section
[ 2026-03-04 18:37:24,535 ] botocore.loaders - DEBUG - Loading JSON file: C:\Users\ankan\Downloads\Customer-Categorizer\venv\lib\site-packages\boto3\data\s3\2006-03-01\resources-1.json
[ 2026-03-04 18:37:24,552 ] botocore.loaders - DEBUG - Loading JSON file: C:\Users\ankan\Downloads\Customer-Categorizer\venv\lib\site-packages\botocore\data\endpoints.json
[ 2026-03-04 18:37:24,599 ] botocore.loaders - DEBUG - Loading JSON file: C:\Users\ankan\Downloads\Customer-Categorizer\venv\lib\site-packages\botocore\data\sdk-default-configuration.json
[ 2026-03-04 18:37:24,600 ] botocore.hooks - DEBUG - Event choose-service-name: calling handler <function handle_service_name_alias at 0x000001BC6D0AD090>
[ 2026-03-04 18:37:24,797 ] botocore.loaders - DEBUG - Loading JSON file: C:\Users\ankan\Downloads\Customer-Categorizer\venv\lib\site-packages\botocore\data\s3\2006-03-01\service-2.json
[ 2026-03-04 18:37:24,822 ] botocore.hooks - DEBUG - Event creating-client-class.s3: calling handler <function add_generate_presigned_post at 0x000001BC6D034DC0>
[ 2026-03-04 18:37:24,823 ] botocore.hooks - DEBUG - Event creating-client-class.s3: calling handler <function lazy_call.<locals>._handler at 0x000001BC20B1E5F0>
[ 2026-03-04 18:37:24,827 ] botocore.hooks - DEBUG - Event creating-client-class.s3: calling handler <function add_generate_presigned_url at 0x000001BC6D034B80>
[ 2026-03-04 18:37:24,831 ] botocore.endpoint - DEBUG - Setting s3 timeout as (60, 60)
[ 2026-03-04 18:37:24,860 ] botocore.loaders - DEBUG - Loading JSON file: C:\Users\ankan\Downloads\Customer-Categorizer\venv\lib\site-packages\botocore\data\_retry.json
[ 2026-03-04 18:37:24,861 ] botocore.client - DEBUG - Registering retry handlers for service: s3
[ 2026-03-04 18:37:24,863 ] boto3.resources.factory - DEBUG - Loading s3:s3
[ 2026-03-04 18:37:24,865 ] botocore.hooks - DEBUG - Event choose-service-name: calling handler <function handle_service_name_alias at 0x000001BC6D0AD090>
[ 2026-03-04 18:37:24,869 ] botocore.hooks - DEBUG - Event creating-client-class.s3: calling handler <function add_generate_presigned_post at 0x000001BC6D034DC0>
[ 2026-03-04 18:37:24,870 ] botocore.hooks - DEBUG - Event creating-client-class.s3: calling handler <function lazy_call.<locals>._handler at 0x000001BC20B1E5F0>
[ 2026-03-04 18:37:24,870 ] botocore.hooks - DEBUG - Event creating-client-class.s3: calling handler <function add_generate_presigned_url at 0x000001BC6D034B80>
[ 2026-03-04 18:37:24,873 ] botocore.endpoint - DEBUG - Setting s3 timeout as (60, 60)
[ 2026-03-04 18:37:24,874 ] botocore.client - DEBUG - Registering retry handlers for service: s3
[ 2026-03-04 18:37:24,876 ] root - INFO - Entered the load_model method of S3Operations class
[ 2026-03-04 18:37:24,876 ] root - INFO - Entered the get_file_object method of S3Operations class
[ 2026-03-04 18:37:24,876 ] root - INFO - Entered the get_bucket method of S3Operations class
[ 2026-03-04 18:37:24,876 ] boto3.resources.factory - DEBUG - Loading s3:Bucket
[ 2026-03-04 18:37:24,877 ] boto3.resources.model - DEBUG - Renaming Bucket attribute name
[ 2026-03-04 18:37:24,879 ] botocore.hooks - DEBUG - Event creating-resource-class.s3.Bucket: calling handler <function lazy_call.<locals>._handler at 0x000001BC20B1EA70>
[ 2026-03-04 18:37:24,880 ] root - INFO - Exited the get_bucket method of S3Operations class
[ 2026-03-04 18:37:25,058 ] botocore.loaders - DEBUG - Loading JSON file: C:\Users\ankan\Downloads\Customer-Categorizer\venv\lib\site-packages\botocore\data\s3\2006-03-01\paginators-1.json
[ 2026-03-04 18:37:25,059 ] boto3.resources.collection - DEBUG - Calling paginated s3:list_objects with {'Bucket': 'ankan-customer-segmentation-bucket', 'Prefix': 'model.pkl'}
[ 2026-03-04 18:37:25,060 ] botocore.hooks - DEBUG - Event before-parameter-build.s3.ListObjects: calling handler <function set_list_objects_encoding_type_url at 0x000001BC6D0AFC70>
[ 2026-03-04 18:37:25,060 ] botocore.hooks - DEBUG - Event before-parameter-build.s3.ListObjects: calling handler <function validate_bucket_name at 0x000001BC6D0AE9E0>
[ 2026-03-04 18:37:25,060 ] botocore.hooks - DEBUG - Event before-parameter-build.s3.ListObjects: calling handler <bound method S3RegionRedirector.redirect_from_cache of <botocore.utils.S3RegionRedirector object at 0x000001BC2132D7E0>>
[ 2026-03-04 18:37:25,060 ] botocore.hooks - DEBUG - Event before-parameter-build.s3.ListObjects: calling handler <bound method S3ArnParamHandler.handle_arn of <botocore.utils.S3ArnParamHandler object at 0x000001BC2132D7B0>>
[ 2026-03-04 18:37:25,060 ] botocore.hooks - DEBUG - Event before-parameter-build.s3.ListObjects: calling handler <function generate_idempotent_uuid at 0x000001BC6D0AE830>
[ 2026-03-04 18:37:25,061 ] botocore.hooks - DEBUG - Event before-call.s3.ListObjects: calling handler <function add_expect_header at 0x000001BC6D0AED40>
[ 2026-03-04 18:37:25,061 ] botocore.hooks - DEBUG - Event before-call.s3.ListObjects: calling handler <bound method S3RegionRedirector.set_request_url of <botocore.utils.S3RegionRedirector object at 0x000001BC2132D7E0>>
[ 2026-03-04 18:37:25,062 ] botocore.hooks - DEBUG - Event before-call.s3.ListObjects: calling handler <function add_recursion_detection_header at 0x000001BC6D0AE4D0>
[ 2026-03-04 18:37:25,062 ] botocore.hooks - DEBUG - Event before-call.s3.ListObjects: calling handler <function inject_api_version_header_if_needed at 0x000001BC6D0D40D0>
[ 2026-03-04 18:37:25,062 ] botocore.endpoint - DEBUG - Making request for OperationModel(name=ListObjects) with params: {'url_path': '/ankan-customer-segmentation-bucket', 'query_string': {'prefix': 'model.pkl', 'encoding-type': 'url'}, 'method': 'GET', 'headers': {'User-Agent': 'Boto3/1.24.84 Python/3.10.11 Windows/10 Botocore/1.27.96 Resource'}, 'body': b'', 'url': 'https://s3.ap-south-1.amazonaws.com/ankan-customer-segmentation-bucket?prefix=model.pkl&encoding-type=url', 'context': {'client_region': 'ap-south-1', 'client_config': <botocore.config.Config object at 0x000001BC2132CD60>, 'has_streaming_input': False, 'auth_type': None, 'encoding_type_auto_set': True, 'signing': {'bucket': 'ankan-customer-segmentation-bucket'}}}
[ 2026-03-04 18:37:25,063 ] botocore.hooks - DEBUG - Event request-created.s3.ListObjects: calling handler <bound method RequestSigner.handler of <botocore.signers.RequestSigner object at 0x000001BC2132CAC0>>
[ 2026-03-04 18:37:25,064 ] botocore.hooks - DEBUG - Event choose-signer.s3.ListObjects: calling handler <bound method S3EndpointSetter.set_signer of <botocore.utils.S3EndpointSetter object at 0x000001BC2132D8D0>>
[ 2026-03-04 18:37:25,064 ] botocore.hooks - DEBUG - Event choose-signer.s3.ListObjects: calling handler <function set_operation_specific_signer at 0x000001BC6D0AE710>
[ 2026-03-04 18:37:25,064 ] botocore.hooks - DEBUG - Event before-sign.s3.ListObjects: calling handler <bound method S3EndpointSetter.set_endpoint of <botocore.utils.S3EndpointSetter object at 0x000001BC2132D8D0>>
[ 2026-03-04 18:37:25,064 ] botocore.utils - DEBUG - Defaulting to S3 virtual host style addressing with path style addressing fallback.
[ 2026-03-04 18:37:25,064 ] botocore.utils - DEBUG - Checking for DNS compatible bucket for: https://s3.ap-south-1.amazonaws.com/ankan-customer-segmentation-bucket?prefix=model.pkl&encoding-type=url
[ 2026-03-04 18:37:25,064 ] botocore.utils - DEBUG - URI updated to: https://ankan-customer-segmentation-bucket.s3.ap-south-1.amazonaws.com/?prefix=model.pkl&encoding-type=url
[ 2026-03-04 18:37:25,065 ] botocore.auth - DEBUG - Calculating signature using v4 auth.
[ 2026-03-04 18:37:25,065 ] botocore.auth - DEBUG - CanonicalRequest:
GET
/
encoding-type=url&prefix=model.pkl
host:ankan-customer-segmentation-bucket.s3.ap-south-1.amazonaws.com
x-amz-content-sha256:e3b0c44298fc1c149afbf4c8996fb92427ae41e4649b934ca495991b7852b855
x-amz-date:20260304T130725Z

host;x-amz-content-sha256;x-amz-date
e3b0c44298fc1c149afbf4c8996fb92427ae41e4649b934ca495991b7852b855
[ 2026-03-04 18:37:25,066 ] botocore.auth - DEBUG - StringToSign:
AWS4-HMAC-SHA256
20260304T130725Z
20260304/ap-south-1/s3/aws4_request
756290a6c732f47d47a829606dfafb653e8c58f5f99e18ce43ad833fb7bd50b4
[ 2026-03-04 18:37:25,066 ] botocore.auth - DEBUG - Signature:
5388ae0331236ca6e02f1de25d6d19a89b1df61bd2f73c0e9b9feb84882ee2b0
[ 2026-03-04 18:37:25,067 ] botocore.hooks - DEBUG - Event request-created.s3.ListObjects: calling handler <function add_retry_headers at 0x000001BC6D0D4790>
[ 2026-03-04 18:37:25,067 ] botocore.endpoint - DEBUG - Sending http request: <AWSPreparedRequest stream_output=False, method=GET, url=https://ankan-customer-segmentation-bucket.s3.ap-south-1.amazonaws.com/?prefix=model.pkl&encoding-type=url, headers={'User-Agent': b'Boto3/1.24.84 Python/3.10.11 Windows/10 Botocore/1.27.96 Resource', 'X-Amz-Date': b'20260304T130725Z', 'X-Amz-Content-SHA256': b'e3b0c44298fc1c149afbf4c8996fb92427ae41e4649b934ca495991b7852b855', 'Authorization': b'AWS4-HMAC-SHA256 Credential=AKIA5OGYVVGOYWO22LU3/20260304/ap-south-1/s3/aws4_request, SignedHeaders=host;x-amz-content-sha256;x-amz-date, Signature=5388ae0331236ca6e02f1de25d6d19a89b1df61bd2f73c0e9b9feb84882ee2b0', 'amz-sdk-invocation-id': b'450b6e85-57f8-4e19-ad14-3695c4ec82be', 'amz-sdk-request': b'attempt=1'}>
[ 2026-03-04 18:37:25,069 ] botocore.httpsession - DEBUG - Certificate path: C:\Users\ankan\Downloads\Customer-Categorizer\venv\lib\site-packages\certifi\cacert.pem
[ 2026-03-04 18:37:25,070 ] urllib3.connectionpool - DEBUG - Starting new HTTPS connection (1): ankan-customer-segmentation-bucket.s3.ap-south-1.amazonaws.com:443
[ 2026-03-04 18:37:25,330 ] urllib3.connectionpool - DEBUG - https://ankan-customer-segmentation-bucket.s3.ap-south-1.amazonaws.com:443 "GET /?prefix=model.pkl&encoding-type=url HTTP/1.1" 301 None
[ 2026-03-04 18:37:25,331 ] botocore.parsers - DEBUG - Response headers: {'x-amz-bucket-region': 'ap-southeast-2', 'x-amz-request-id': 'XK1R5HYQY8S0THKH', 'x-amz-id-2': '5LHFrLs9rMA8R3qkD0jWvn/POCjIFhptXziDjQ300QHSQuUQ94luL2nMGlhA4LdJb1ejpmuY3ME=', 'Content-Type': 'application/xml', 'Transfer-Encoding': 'chunked', 'Date': 'Wed, 04 Mar 2026 13:07:27 GMT', 'Server': 'AmazonS3'}
[ 2026-03-04 18:37:25,331 ] botocore.parsers - DEBUG - Response body:
b'<?xml version="1.0" encoding="UTF-8"?>\n<Error><Code>PermanentRedirect</Code><Message>The bucket you are attempting to access must be addressed using the specified endpoint. Please send all future requests to this endpoint.</Message><Endpoint>ankan-customer-segmentation-bucket.s3-ap-southeast-2.amazonaws.com</Endpoint><Bucket>ankan-customer-segmentation-bucket</Bucket><RequestId>XK1R5HYQY8S0THKH</RequestId><HostId>5LHFrLs9rMA8R3qkD0jWvn/POCjIFhptXziDjQ300QHSQuUQ94luL2nMGlhA4LdJb1ejpmuY3ME=</HostId></Error>'
[ 2026-03-04 18:37:25,338 ] botocore.hooks - DEBUG - Event needs-retry.s3.ListObjects: calling handler <botocore.retryhandler.RetryHandler object at 0x000001BC2132D720>
[ 2026-03-04 18:37:25,339 ] botocore.retryhandler - DEBUG - No retry needed.
[ 2026-03-04 18:37:25,339 ] botocore.hooks - DEBUG - Event needs-retry.s3.ListObjects: calling handler <bound method S3RegionRedirector.redirect_from_error of <botocore.utils.S3RegionRedirector object at 0x000001BC2132D7E0>>
[ 2026-03-04 18:37:25,339 ] botocore.utils - DEBUG - S3 client configured for region ap-south-1 but the bucket ankan-customer-segmentation-bucket is in region ap-southeast-2; Please configure the proper region to avoid multiple unnecessary redirects and signing attempts.
[ 2026-03-04 18:37:25,340 ] botocore.utils - DEBUG - Updating URI from https://s3.ap-south-1.amazonaws.com/ankan-customer-segmentation-bucket?prefix=model.pkl&encoding-type=url to https://s3.ap-southeast-2.amazonaws.com/ankan-customer-segmentation-bucket?prefix=model.pkl&encoding-type=url
[ 2026-03-04 18:37:25,340 ] botocore.endpoint - DEBUG - Response received to retry, sleeping for 0 seconds
[ 2026-03-04 18:37:25,342 ] botocore.hooks - DEBUG - Event request-created.s3.ListObjects: calling handler <bound method RequestSigner.handler of <botocore.signers.RequestSigner object at 0x000001BC2132CAC0>>
[ 2026-03-04 18:37:25,342 ] botocore.hooks - DEBUG - Event choose-signer.s3.ListObjects: calling handler <bound method S3EndpointSetter.set_signer of <botocore.utils.S3EndpointSetter object at 0x000001BC2132D8D0>>
[ 2026-03-04 18:37:25,343 ] botocore.hooks - DEBUG - Event choose-signer.s3.ListObjects: calling handler <function set_operation_specific_signer at 0x000001BC6D0AE710>
[ 2026-03-04 18:37:25,343 ] botocore.hooks - DEBUG - Event before-sign.s3.ListObjects: calling handler <bound method S3EndpointSetter.set_endpoint of <botocore.utils.S3EndpointSetter object at 0x000001BC2132D8D0>>
[ 2026-03-04 18:37:25,343 ] botocore.utils - DEBUG - Checking for DNS compatible bucket for: https://s3.ap-southeast-2.amazonaws.com/ankan-customer-segmentation-bucket?prefix=model.pkl&encoding-type=url
[ 2026-03-04 18:37:25,343 ] botocore.utils - DEBUG - URI updated to: https://ankan-customer-segmentation-bucket.s3.ap-southeast-2.amazonaws.com/?prefix=model.pkl&encoding-type=url
[ 2026-03-04 18:37:25,344 ] botocore.auth - DEBUG - Calculating signature using v4 auth.
[ 2026-03-04 18:37:25,344 ] botocore.auth - DEBUG - CanonicalRequest:
GET
/
encoding-type=url&prefix=model.pkl
host:ankan-customer-segmentation-bucket.s3.ap-southeast-2.amazonaws.com
x-amz-content-sha256:e3b0c44298fc1c149afbf4c8996fb92427ae41e4649b934ca495991b7852b855
x-amz-date:20260304T130725Z

host;x-amz-content-sha256;x-amz-date
e3b0c44298fc1c149afbf4c8996fb92427ae41e4649b934ca495991b7852b855
[ 2026-03-04 18:37:25,344 ] botocore.auth - DEBUG - StringToSign:
AWS4-HMAC-SHA256
20260304T130725Z
20260304/ap-southeast-2/s3/aws4_request
a596c1cb46d66500c5226404bddc94c76a02b04a50696b5fd890084870c8ea4c
[ 2026-03-04 18:37:25,344 ] botocore.auth - DEBUG - Signature:
2d98c3d3fc219ea21d695429b81e506944cf7c2fd3604127f54237d94145d5dc
[ 2026-03-04 18:37:25,344 ] botocore.hooks - DEBUG - Event request-created.s3.ListObjects: calling handler <function add_retry_headers at 0x000001BC6D0D4790>
[ 2026-03-04 18:37:25,345 ] botocore.endpoint - DEBUG - Sending http request: <AWSPreparedRequest stream_output=False, method=GET, url=https://ankan-customer-segmentation-bucket.s3.ap-southeast-2.amazonaws.com/?prefix=model.pkl&encoding-type=url, headers={'User-Agent': b'Boto3/1.24.84 Python/3.10.11 Windows/10 Botocore/1.27.96 Resource', 'X-Amz-Date': b'20260304T130725Z', 'X-Amz-Content-SHA256': b'e3b0c44298fc1c149afbf4c8996fb92427ae41e4649b934ca495991b7852b855', 'Authorization': b'AWS4-HMAC-SHA256 Credential=AKIA5OGYVVGOYWO22LU3/20260304/ap-southeast-2/s3/aws4_request, SignedHeaders=host;x-amz-content-sha256;x-amz-date, Signature=2d98c3d3fc219ea21d695429b81e506944cf7c2fd3604127f54237d94145d5dc', 'amz-sdk-invocation-id': b'450b6e85-57f8-4e19-ad14-3695c4ec82be', 'amz-sdk-request': b'ttl=20260304T130827Z; attempt=2; max=5'}>
[ 2026-03-04 18:37:25,345 ] botocore.httpsession - DEBUG - Certificate path: C:\Users\ankan\Downloads\Customer-Categorizer\venv\lib\site-packages\certifi\cacert.pem
[ 2026-03-04 18:37:25,346 ] urllib3.connectionpool - DEBUG - Starting new HTTPS connection (1): ankan-customer-segmentation-bucket.s3.ap-southeast-2.amazonaws.com:443
[ 2026-03-04 18:37:25,966 ] urllib3.connectionpool - DEBUG - https://ankan-customer-segmentation-bucket.s3.ap-southeast-2.amazonaws.com:443 "GET /?prefix=model.pkl&encoding-type=url HTTP/1.1" 200 None
[ 2026-03-04 18:37:25,966 ] botocore.parsers - DEBUG - Response headers: {'x-amz-id-2': 'xljMWWIardDaEgdo0TZc42HBmt2gABE8cEwRpBaZvA56EYFeqQaaOwKqJ8il3lwle5Wd15J/6KwnrFqr1aVospn0xtJK+fHV', 'x-amz-request-id': 'XK1W0B3FCPY2DQFH', 'Date': 'Wed, 04 Mar 2026 13:07:29 GMT', 'x-amz-bucket-region': 'ap-southeast-2', 'Content-Type': 'application/xml', 'Transfer-Encoding': 'chunked', 'Server': 'AmazonS3'}
[ 2026-03-04 18:37:25,967 ] botocore.parsers - DEBUG - Response body:
b'<?xml version="1.0" encoding="UTF-8"?>\n<ListBucketResult xmlns="http://s3.amazonaws.com/doc/2006-03-01/"><Name>ankan-customer-segmentation-bucket</Name><Prefix>model.pkl</Prefix><Marker></Marker><MaxKeys>1000</MaxKeys><EncodingType>url</EncodingType><IsTruncated>false</IsTruncated><Contents><Key>model.pkl</Key><LastModified>2026-03-04T12:37:35.000Z</LastModified><ETag>&quot;eb261d6b0fabe02009e7f456a3c77c81&quot;</ETag><ChecksumAlgorithm>CRC64NVME</ChecksumAlgorithm><ChecksumType>FULL_OBJECT</ChecksumType><Size>4532</Size><Owner><ID>f72f0e30c7050900838cece95ec97cd9e8c06408d898bb6edd0ce8658839f86e</ID></Owner><StorageClass>STANDARD</StorageClass></Contents></ListBucketResult>'
[ 2026-03-04 18:37:25,972 ] botocore.hooks - DEBUG - Event needs-retry.s3.ListObjects: calling handler <botocore.retryhandler.RetryHandler object at 0x000001BC2132D720>
[ 2026-03-04 18:37:25,972 ] botocore.retryhandler - DEBUG - No retry needed.
[ 2026-03-04 18:37:25,972 ] botocore.hooks - DEBUG - Event needs-retry.s3.ListObjects: calling handler <bound method S3RegionRedirector.redirect_from_error of <botocore.utils.S3RegionRedirector object at 0x000001BC2132D7E0>>
[ 2026-03-04 18:37:25,972 ] botocore.utils - DEBUG - S3 request was previously redirected, not redirecting.
[ 2026-03-04 18:37:25,972 ] botocore.hooks - DEBUG - Event after-call.s3.ListObjects: calling handler <function decode_list_object at 0x000001BC6D0AFD00>
[ 2026-03-04 18:37:25,972 ] boto3.resources.factory - DEBUG - Loading s3:ObjectSummary
[ 2026-03-04 18:37:25,973 ] boto3.resources.model - DEBUG - Renaming ObjectSummary attribute key
[ 2026-03-04 18:37:25,973 ] botocore.hooks - DEBUG - Event creating-resource-class.s3.ObjectSummary: calling handler <function lazy_call.<locals>._handler at 0x000001BC20B1EB90>
[ 2026-03-04 18:37:25,974 ] root - INFO - Exited the get_file_object method of S3Operations class
[ 2026-03-04 18:37:25,974 ] root - INFO - Entered the read_object method of S3Operations class
[ 2026-03-04 18:37:25,974 ] root - INFO - Exited the read_object method of S3Operations class
[ 2026-03-04 18:37:25,974 ] boto3.resources.action - DEBUG - Calling s3:get_object with {'Bucket': 'ankan-customer-segmentation-bucket', 'Key': 'model.pkl'}
[ 2026-03-04 18:37:25,975 ] botocore.hooks - DEBUG - Event before-parameter-build.s3.GetObject: calling handler <function sse_md5 at 0x000001BC6D0AEA70>
[ 2026-03-04 18:37:25,975 ] botocore.hooks - DEBUG - Event before-parameter-build.s3.GetObject: calling handler <function validate_bucket_name at 0x000001BC6D0AE9E0>
[ 2026-03-04 18:37:25,975 ] botocore.hooks - DEBUG - Event before-parameter-build.s3.GetObject: calling handler <bound method S3RegionRedirector.redirect_from_cache of <botocore.utils.S3RegionRedirector object at 0x000001BC2132D7E0>>
[ 2026-03-04 18:37:25,975 ] botocore.hooks - DEBUG - Event before-parameter-build.s3.GetObject: calling handler <bound method S3ArnParamHandler.handle_arn of <botocore.utils.S3ArnParamHandler object at 0x000001BC2132D7B0>>
[ 2026-03-04 18:37:25,975 ] botocore.hooks - DEBUG - Event before-parameter-build.s3.GetObject: calling handler <function generate_idempotent_uuid at 0x000001BC6D0AE830>
[ 2026-03-04 18:37:25,975 ] botocore.hooks - DEBUG - Event before-call.s3.GetObject: calling handler <function add_expect_header at 0x000001BC6D0AED40>
[ 2026-03-04 18:37:25,976 ] botocore.hooks - DEBUG - Event before-call.s3.GetObject: calling handler <bound method S3RegionRedirector.set_request_url of <botocore.utils.S3RegionRedirector object at 0x000001BC2132D7E0>>
[ 2026-03-04 18:37:25,976 ] botocore.utils - DEBUG - Updating URI from https://s3.ap-south-1.amazonaws.com/ankan-customer-segmentation-bucket/model.pkl to https://s3.ap-southeast-2.amazonaws.com/ankan-customer-segmentation-bucket/model.pkl
[ 2026-03-04 18:37:25,976 ] botocore.hooks - DEBUG - Event before-call.s3.GetObject: calling handler <function add_recursion_detection_header at 0x000001BC6D0AE4D0>
[ 2026-03-04 18:37:25,976 ] botocore.hooks - DEBUG - Event before-call.s3.GetObject: calling handler <function inject_api_version_header_if_needed at 0x000001BC6D0D40D0>
[ 2026-03-04 18:37:25,976 ] botocore.endpoint - DEBUG - Making request for OperationModel(name=GetObject) with params: {'url_path': '/ankan-customer-segmentation-bucket/model.pkl', 'query_string': {}, 'method': 'GET', 'headers': {'User-Agent': 'Boto3/1.24.84 Python/3.10.11 Windows/10 Botocore/1.27.96 Resource'}, 'body': b'', 'url': 'https://s3.ap-southeast-2.amazonaws.com/ankan-customer-segmentation-bucket/model.pkl', 'context': {'client_region': 'ap-south-1', 'client_config': <botocore.config.Config object at 0x000001BC2132CD60>, 'has_streaming_input': False, 'auth_type': None, 'signing': {'region': 'ap-southeast-2', 'bucket': 'ankan-customer-segmentation-bucket', 'endpoint': 'https://s3.ap-southeast-2.amazonaws.com'}}}
[ 2026-03-04 18:37:25,977 ] botocore.hooks - DEBUG - Event request-created.s3.GetObject: calling handler <bound method RequestSigner.handler of <botocore.signers.RequestSigner object at 0x000001BC2132CAC0>>
[ 2026-03-04 18:37:25,977 ] botocore.hooks - DEBUG - Event choose-signer.s3.GetObject: calling handler <bound method S3EndpointSetter.set_signer of <botocore.utils.S3EndpointSetter object at 0x000001BC2132D8D0>>
[ 2026-03-04 18:37:25,978 ] botocore.hooks - DEBUG - Event choose-signer.s3.GetObject: calling handler <function set_operation_specific_signer at 0x000001BC6D0AE710>
[ 2026-03-04 18:37:25,978 ] botocore.hooks - DEBUG - Event before-sign.s3.GetObject: calling handler <bound method S3EndpointSetter.set_endpoint of <botocore.utils.S3EndpointSetter object at 0x000001BC2132D8D0>>
[ 2026-03-04 18:37:25,978 ] botocore.utils - DEBUG - Checking for DNS compatible bucket for: https://s3.ap-southeast-2.amazonaws.com/ankan-customer-segmentation-bucket/model.pkl
[ 2026-03-04 18:37:25,978 ] botocore.utils - DEBUG - URI updated to: https://ankan-customer-segmentation-bucket.s3.ap-southeast-2.amazonaws.com/model.pkl
[ 2026-03-04 18:37:25,979 ] botocore.auth - DEBUG - Calculating signature using v4 auth.
[ 2026-03-04 18:37:25,979 ] botocore.auth - DEBUG - CanonicalRequest:
GET
/model.pkl

host:ankan-customer-segmentation-bucket.s3.ap-southeast-2.amazonaws.com
x-amz-content-sha256:e3b0c44298fc1c149afbf4c8996fb92427ae41e4649b934ca495991b7852b855
x-amz-date:20260304T130725Z

host;x-amz-content-sha256;x-amz-date
e3b0c44298fc1c149afbf4c8996fb92427ae41e4649b934ca495991b7852b855
[ 2026-03-04 18:37:25,979 ] botocore.auth - DEBUG - StringToSign:
AWS4-HMAC-SHA256
20260304T130725Z
20260304/ap-southeast-2/s3/aws4_request
d82fffd837d0ed35605d5956be98b58cbcdea6e54eec70232246420f4360903e
[ 2026-03-04 18:37:25,979 ] botocore.auth - DEBUG - Signature:
58a1295171f27720aaec1d2162ab352b1aad48e91767aafa88b6cef8e169f0ce
[ 2026-03-04 18:37:25,980 ] botocore.hooks - DEBUG - Event request-created.s3.GetObject: calling handler <function add_retry_headers at 0x000001BC6D0D4790>
[ 2026-03-04 18:37:25,980 ] botocore.endpoint - DEBUG - Sending http request: <AWSPreparedRequest stream_output=True, method=GET, url=https://ankan-customer-segmentation-bucket.s3.ap-southeast-2.amazonaws.com/model.pkl, headers={'User-Agent': b'Boto3/1.24.84 Python/3.10.11 Windows/10 Botocore/1.27.96 Resource', 'X-Amz-Date': b'20260304T130725Z', 'X-Amz-Content-SHA256': b'e3b0c44298fc1c149afbf4c8996fb92427ae41e4649b934ca495991b7852b855', 'Authorization': b'AWS4-HMAC-SHA256 Credential=AKIA5OGYVVGOYWO22LU3/20260304/ap-southeast-2/s3/aws4_request, SignedHeaders=host;x-amz-content-sha256;x-amz-date, Signature=58a1295171f27720aaec1d2162ab352b1aad48e91767aafa88b6cef8e169f0ce', 'amz-sdk-invocation-id': b'eb915ed0-6e5a-43e6-abbc-20127aa2926a', 'amz-sdk-request': b'attempt=1'}>
[ 2026-03-04 18:37:25,980 ] botocore.httpsession - DEBUG - Certificate path: C:\Users\ankan\Downloads\Customer-Categorizer\venv\lib\site-packages\certifi\cacert.pem
[ 2026-03-04 18:37:26,208 ] urllib3.connectionpool - DEBUG - https://ankan-customer-segmentation-bucket.s3.ap-southeast-2.amazonaws.com:443 "GET /model.pkl HTTP/1.1" 200 4532
[ 2026-03-04 18:37:26,208 ] botocore.parsers - DEBUG - Response headers: {'x-amz-id-2': '+Ut9Si0cSX8rLzTkHkKs20H/5jrHLPaPM0F+Vurwz5DS5/OZcmWmzCDbi4mXRcw8TcZEkwcVV/GW/OKII6K2DAblstxQJm9/', 'x-amz-request-id': '60PMQPHGXV2RPRZ3', 'Date': 'Wed, 04 Mar 2026 13:07:30 GMT', 'Last-Modified': 'Wed, 04 Mar 2026 12:37:35 GMT', 'ETag': '"eb261d6b0fabe02009e7f456a3c77c81"', 'x-amz-server-side-encryption': 'AES256', 'Accept-Ranges': 'bytes', 'Content-Type': 'binary/octet-stream', 'Content-Length': '4532', 'Server': 'AmazonS3'}
[ 2026-03-04 18:37:26,209 ] botocore.parsers - DEBUG - Response body:
<botocore.response.StreamingBody object at 0x000001BC2107E710>
[ 2026-03-04 18:37:26,210 ] botocore.hooks - DEBUG - Event needs-retry.s3.GetObject: calling handler <botocore.retryhandler.RetryHandler object at 0x000001BC2132D720>
[ 2026-03-04 18:37:26,210 ] botocore.retryhandler - DEBUG - No retry needed.
[ 2026-03-04 18:37:26,210 ] botocore.hooks - DEBUG - Event needs-retry.s3.GetObject: calling handler <bound method S3RegionRedirector.redirect_from_error of <botocore.utils.S3RegionRedirector object at 0x000001BC2132D7E0>>
[ 2026-03-04 18:37:26,211 ] boto3.resources.action - DEBUG - Response: {'ResponseMetadata': {'RequestId': '60PMQPHGXV2RPRZ3', 'HostId': '+Ut9Si0cSX8rLzTkHkKs20H/5jrHLPaPM0F+Vurwz5DS5/OZcmWmzCDbi4mXRcw8TcZEkwcVV/GW/OKII6K2DAblstxQJm9/', 'HTTPStatusCode': 200, 'HTTPHeaders': {'x-amz-id-2': '+Ut9Si0cSX8rLzTkHkKs20H/5jrHLPaPM0F+Vurwz5DS5/OZcmWmzCDbi4mXRcw8TcZEkwcVV/GW/OKII6K2DAblstxQJm9/', 'x-amz-request-id': '60PMQPHGXV2RPRZ3', 'date': 'Wed, 04 Mar 2026 13:07:30 GMT', 'last-modified': 'Wed, 04 Mar 2026 12:37:35 GMT', 'etag': '"eb261d6b0fabe02009e7f456a3c77c81"', 'x-amz-server-side-encryption': 'AES256', 'accept-ranges': 'bytes', 'content-type': 'binary/octet-stream', 'content-length': '4532', 'server': 'AmazonS3'}, 'RetryAttempts': 0}, 'AcceptRanges': 'bytes', 'LastModified': datetime.datetime(2026, 3, 4, 12, 37, 35, tzinfo=tzutc()), 'ContentLength': 4532, 'ETag': '"eb261d6b0fabe02009e7f456a3c77c81"', 'ContentType': 'binary/octet-stream', 'ServerSideEncryption': 'AES256', 'Metadata': {}, 'Body': <botocore.response.StreamingBody object at 0x000001BC2107E710>}
[ 2026-03-04 18:37:26,213 ] root - INFO - Exited the load_model method of S3Operations class
[ 2026-03-04 18:37:26,213 ] root - INFO - Entered predict method of srcTruckModel class
[ 2026-03-04 18:37:26,213 ] root - INFO - Using the trained model to get predictions
[ 2026-03-04 18:37:26,254 ] root - INFO - Used the trained model to get predictions
[ 2026-03-04 18:38:24,816 ] multipart.multipart - DEBUG - Calling on_field_start with no data
[ 2026-03-04 18:38:24,817 ] multipart.multipart - DEBUG - Calling on_field_name with data[0:3]
[ 2026-03-04 18:38:24,817 ] multipart.multipart - DEBUG - Calling on_field_data with data[4:6]
[ 2026-03-04 18:38:24,817 ] multipart.multipart - DEBUG - Calling on_field_end with no data
[ 2026-03-04 18:38:24,817 ] multipart.multipart - DEBUG - Calling on_field_start with no data
[ 2026-03-04 18:38:24,818 ] multipart.multipart - DEBUG - Calling on_field_name with data[7:16]
[ 2026-03-04 18:38:24,818 ] multipart.multipart - DEBUG - Calling on_field_data with data[17:18]
[ 2026-03-04 18:38:24,818 ] multipart.multipart - DEBUG - Calling on_field_end with no data
[ 2026-03-04 18:38:24,818 ] multipart.multipart - DEBUG - Calling on_field_start with no data
[ 2026-03-04 18:38:24,818 ] multipart.multipart - DEBUG - Calling on_field_name with data[19:33]
[ 2026-03-04 18:38:24,818 ] multipart.multipart - DEBUG - Calling on_field_data with data[34:35]
[ 2026-03-04 18:38:24,818 ] multipart.multipart - DEBUG - Calling on_field_end with no data
[ 2026-03-04 18:38:24,818 ] multipart.multipart - DEBUG - Calling on_field_start with no data
[ 2026-03-04 18:38:24,818 ] multipart.multipart - DEBUG - Calling on_field_name with data[36:51]
[ 2026-03-04 18:38:24,818 ] multipart.multipart - DEBUG - Calling on_field_data with data[52:53]
[ 2026-03-04 18:38:24,818 ] multipart.multipart - DEBUG - Calling on_field_end with no data
[ 2026-03-04 18:38:24,818 ] multipart.multipart - DEBUG - Calling on_field_start with no data
[ 2026-03-04 18:38:24,818 ] multipart.multipart - DEBUG - Calling on_field_name with data[54:62]
[ 2026-03-04 18:38:24,818 ] multipart.multipart - DEBUG - Calling on_field_data with data[63:64]
[ 2026-03-04 18:38:24,818 ] multipart.multipart - DEBUG - Calling on_field_end with no data
[ 2026-03-04 18:38:24,818 ] multipart.multipart - DEBUG - Calling on_field_start with no data
[ 2026-03-04 18:38:24,819 ] multipart.multipart - DEBUG - Calling on_field_name with data[65:71]
[ 2026-03-04 18:38:24,819 ] multipart.multipart - DEBUG - Calling on_field_data with data[72:78]
[ 2026-03-04 18:38:24,819 ] multipart.multipart - DEBUG - Calling on_field_end with no data
[ 2026-03-04 18:38:24,819 ] multipart.multipart - DEBUG - Calling on_field_start with no data
[ 2026-03-04 18:38:24,819 ] multipart.multipart - DEBUG - Calling on_field_name with data[79:93]
[ 2026-03-04 18:38:24,819 ] multipart.multipart - DEBUG - Calling on_field_data with data[94:99]
[ 2026-03-04 18:38:24,819 ] multipart.multipart - DEBUG - Calling on_field_end with no data
[ 2026-03-04 18:38:24,819 ] multipart.multipart - DEBUG - Calling on_field_start with no data
[ 2026-03-04 18:38:24,819 ] multipart.multipart - DEBUG - Calling on_field_name with data[100:116]
[ 2026-03-04 18:38:24,819 ] multipart.multipart - DEBUG - Calling on_field_data with data[117:120]
[ 2026-03-04 18:38:24,819 ] multipart.multipart - DEBUG - Calling on_field_end with no data
[ 2026-03-04 18:38:24,819 ] multipart.multipart - DEBUG - Calling on_field_start with no data
[ 2026-03-04 18:38:24,819 ] multipart.multipart - DEBUG - Calling on_field_name with data[121:128]
[ 2026-03-04 18:38:24,819 ] multipart.multipart - DEBUG - Calling on_field_data with data[129:131]
[ 2026-03-04 18:38:24,819 ] multipart.multipart - DEBUG - Calling on_field_end with no data
[ 2026-03-04 18:38:24,819 ] multipart.multipart - DEBUG - Calling on_field_start with no data
[ 2026-03-04 18:38:24,819 ] multipart.multipart - DEBUG - Calling on_field_name with data[132:137]
[ 2026-03-04 18:38:24,820 ] multipart.multipart - DEBUG - Calling on_field_data with data[138:140]
[ 2026-03-04 18:38:24,820 ] multipart.multipart - DEBUG - Calling on_field_end with no data
[ 2026-03-04 18:38:24,820 ] multipart.multipart - DEBUG - Calling on_field_start with no data
[ 2026-03-04 18:38:24,820 ] multipart.multipart - DEBUG - Calling on_field_name with data[141:147]
[ 2026-03-04 18:38:24,820 ] multipart.multipart - DEBUG - Calling on_field_data with data[148:150]
[ 2026-03-04 18:38:24,820 ] multipart.multipart - DEBUG - Calling on_field_end with no data
[ 2026-03-04 18:38:24,820 ] multipart.multipart - DEBUG - Calling on_field_start with no data
[ 2026-03-04 18:38:24,820 ] multipart.multipart - DEBUG - Calling on_field_name with data[151:155]
[ 2026-03-04 18:38:24,820 ] multipart.multipart - DEBUG - Calling on_field_data with data[156:158]
[ 2026-03-04 18:38:24,820 ] multipart.multipart - DEBUG - Calling on_field_end with no data
[ 2026-03-04 18:38:24,820 ] multipart.multipart - DEBUG - Calling on_field_start with no data
[ 2026-03-04 18:38:24,820 ] multipart.multipart - DEBUG - Calling on_field_name with data[159:163]
[ 2026-03-04 18:38:24,820 ] multipart.multipart - DEBUG - Calling on_field_data with data[164:166]
[ 2026-03-04 18:38:24,820 ] multipart.multipart - DEBUG - Calling on_field_end with no data
[ 2026-03-04 18:38:24,820 ] multipart.multipart - DEBUG - Calling on_field_start with no data
[ 2026-03-04 18:38:24,820 ] multipart.multipart - DEBUG - Calling on_field_name with data[167:173]
[ 2026-03-04 18:38:24,820 ] multipart.multipart - DEBUG - Calling on_field_data with data[174:176]
[ 2026-03-04 18:38:24,821 ] multipart.multipart - DEBUG - Calling on_field_end with no data
[ 2026-03-04 18:38:24,821 ] multipart.multipart - DEBUG - Calling on_field_start with no data
[ 2026-03-04 18:38:24,821 ] multipart.multipart - DEBUG - Calling on_field_name with data[177:181]
[ 2026-03-04 18:38:24,821 ] multipart.multipart - DEBUG - Calling on_field_data with data[182:184]
[ 2026-03-04 18:38:24,821 ] multipart.multipart - DEBUG - Calling on_field_end with no data
[ 2026-03-04 18:38:24,821 ] multipart.multipart - DEBUG - Calling on_field_start with no data
[ 2026-03-04 18:38:24,821 ] multipart.multipart - DEBUG - Calling on_field_name with data[185:188]
[ 2026-03-04 18:38:24,821 ] multipart.multipart - DEBUG - Calling on_field_data with data[189:191]
[ 2026-03-04 18:38:24,821 ] multipart.multipart - DEBUG - Calling on_field_end with no data
[ 2026-03-04 18:38:24,821 ] multipart.multipart - DEBUG - Calling on_field_start with no data
[ 2026-03-04 18:38:24,821 ] multipart.multipart - DEBUG - Calling on_field_name with data[192:199]
[ 2026-03-04 18:38:24,821 ] multipart.multipart - DEBUG - Calling on_field_data with data[200:203]
[ 2026-03-04 18:38:24,821 ] multipart.multipart - DEBUG - Calling on_field_end with no data
[ 2026-03-04 18:38:24,821 ] multipart.multipart - DEBUG - Calling on_field_start with no data
[ 2026-03-04 18:38:24,821 ] multipart.multipart - DEBUG - Calling on_field_name with data[204:209]
[ 2026-03-04 18:38:24,822 ] multipart.multipart - DEBUG - Calling on_field_data with data[210:213]
[ 2026-03-04 18:38:24,822 ] multipart.multipart - DEBUG - Calling on_field_end with no data
[ 2026-03-04 18:38:24,822 ] multipart.multipart - DEBUG - Calling on_field_start with no data
[ 2026-03-04 18:38:24,822 ] multipart.multipart - DEBUG - Calling on_field_name with data[214:232]
[ 2026-03-04 18:38:24,822 ] multipart.multipart - DEBUG - Calling on_field_data with data[233:236]
[ 2026-03-04 18:38:24,822 ] multipart.multipart - DEBUG - Calling on_field_end with no data
[ 2026-03-04 18:38:24,822 ] multipart.multipart - DEBUG - Calling on_field_start with no data
[ 2026-03-04 18:38:24,822 ] multipart.multipart - DEBUG - Calling on_field_name with data[237:248]
[ 2026-03-04 18:38:24,822 ] multipart.multipart - DEBUG - Calling on_field_data with data[249:252]
[ 2026-03-04 18:38:24,822 ] multipart.multipart - DEBUG - Calling on_field_end with no data
[ 2026-03-04 18:38:24,822 ] multipart.multipart - DEBUG - Calling on_field_start with no data
[ 2026-03-04 18:38:24,822 ] multipart.multipart - DEBUG - Calling on_field_name with data[253:270]
[ 2026-03-04 18:38:24,822 ] multipart.multipart - DEBUG - Calling on_field_data with data[271:275]
[ 2026-03-04 18:38:24,822 ] multipart.multipart - DEBUG - Calling on_field_end with no data
[ 2026-03-04 18:38:24,822 ] multipart.multipart - DEBUG - Calling on_end with no data
[ 2026-03-04 18:38:24,837 ] root - INFO - customerDatafram has been created
[ 2026-03-04 18:38:24,838 ] root - INFO - Entered the load_model method of S3Operations class
[ 2026-03-04 18:38:24,838 ] root - INFO - Entered the get_file_object method of S3Operations class
[ 2026-03-04 18:38:24,838 ] root - INFO - Entered the get_bucket method of S3Operations class
[ 2026-03-04 18:38:24,838 ] boto3.resources.factory - DEBUG - Loading s3:Bucket
[ 2026-03-04 18:38:24,838 ] boto3.resources.model - DEBUG - Renaming Bucket attribute name
[ 2026-03-04 18:38:24,839 ] botocore.hooks - DEBUG - Event creating-resource-class.s3.Bucket: calling handler <function lazy_call.<locals>._handler at 0x000001BC20B1EA70>
[ 2026-03-04 18:38:24,840 ] root - INFO - Exited the get_bucket method of S3Operations class
[ 2026-03-04 18:38:24,840 ] boto3.resources.collection - DEBUG - Calling paginated s3:list_objects with {'Bucket': 'ankan-customer-segmentation-bucket', 'Prefix': 'model.pkl'}
[ 2026-03-04 18:38:24,840 ] botocore.hooks - DEBUG - Event before-parameter-build.s3.ListObjects: calling handler <function set_list_objects_encoding_type_url at 0x000001BC6D0AFC70>
[ 2026-03-04 18:38:24,840 ] botocore.hooks - DEBUG - Event before-parameter-build.s3.ListObjects: calling handler <function validate_bucket_name at 0x000001BC6D0AE9E0>
[ 2026-03-04 18:38:24,840 ] botocore.hooks - DEBUG - Event before-parameter-build.s3.ListObjects: calling handler <bound method S3RegionRedirector.redirect_from_cache of <botocore.utils.S3RegionRedirector object at 0x000001BC2132D7E0>>
[ 2026-03-04 18:38:24,840 ] botocore.hooks - DEBUG - Event before-parameter-build.s3.ListObjects: calling handler <bound method S3ArnParamHandler.handle_arn of <botocore.utils.S3ArnParamHandler object at 0x000001BC2132D7B0>>
[ 2026-03-04 18:38:24,840 ] botocore.hooks - DEBUG - Event before-parameter-build.s3.ListObjects: calling handler <function generate_idempotent_uuid at 0x000001BC6D0AE830>
[ 2026-03-04 18:38:24,841 ] botocore.hooks - DEBUG - Event before-call.s3.ListObjects: calling handler <function add_expect_header at 0x000001BC6D0AED40>
[ 2026-03-04 18:38:24,841 ] botocore.hooks - DEBUG - Event before-call.s3.ListObjects: calling handler <bound method S3RegionRedirector.set_request_url of <botocore.utils.S3RegionRedirector object at 0x000001BC2132D7E0>>
[ 2026-03-04 18:38:24,841 ] botocore.utils - DEBUG - Updating URI from https://s3.ap-south-1.amazonaws.com/ankan-customer-segmentation-bucket?prefix=model.pkl&encoding-type=url to https://s3.ap-southeast-2.amazonaws.com/ankan-customer-segmentation-bucket?prefix=model.pkl&encoding-type=url
[ 2026-03-04 18:38:24,841 ] botocore.hooks - DEBUG - Event before-call.s3.ListObjects: calling handler <function add_recursion_detection_header at 0x000001BC6D0AE4D0>
[ 2026-03-04 18:38:24,841 ] botocore.hooks - DEBUG - Event before-call.s3.ListObjects: calling handler <function inject_api_version_header_if_needed at 0x000001BC6D0D40D0>
[ 2026-03-04 18:38:24,841 ] botocore.endpoint - DEBUG - Making request for OperationModel(name=ListObjects) with params: {'url_path': '/ankan-customer-segmentation-bucket', 'query_string': {'prefix': 'model.pkl', 'encoding-type': 'url'}, 'method': 'GET', 'headers': {'User-Agent': 'Boto3/1.24.84 Python/3.10.11 Windows/10 Botocore/1.27.96 Resource'}, 'body': b'', 'url': 'https://s3.ap-southeast-2.amazonaws.com/ankan-customer-segmentation-bucket?prefix=model.pkl&encoding-type=url', 'context': {'client_region': 'ap-south-1', 'client_config': <botocore.config.Config object at 0x000001BC2132CD60>, 'has_streaming_input': False, 'auth_type': None, 'encoding_type_auto_set': True, 'signing': {'region': 'ap-southeast-2', 'bucket': 'ankan-customer-segmentation-bucket', 'endpoint': 'https://s3.ap-southeast-2.amazonaws.com'}}}
[ 2026-03-04 18:38:24,841 ] botocore.hooks - DEBUG - Event request-created.s3.ListObjects: calling handler <bound method RequestSigner.handler of <botocore.signers.RequestSigner object at 0x000001BC2132CAC0>>
[ 2026-03-04 18:38:24,841 ] botocore.hooks - DEBUG - Event choose-signer.s3.ListObjects: calling handler <bound method S3EndpointSetter.set_signer of <botocore.utils.S3EndpointSetter object at 0x000001BC2132D8D0>>
[ 2026-03-04 18:38:24,842 ] botocore.hooks - DEBUG - Event choose-signer.s3.ListObjects: calling handler <function set_operation_specific_signer at 0x000001BC6D0AE710>
[ 2026-03-04 18:38:24,842 ] botocore.hooks - DEBUG - Event before-sign.s3.ListObjects: calling handler <bound method S3EndpointSetter.set_endpoint of <botocore.utils.S3EndpointSetter object at 0x000001BC2132D8D0>>
[ 2026-03-04 18:38:24,842 ] botocore.utils - DEBUG - Checking for DNS compatible bucket for: https://s3.ap-southeast-2.amazonaws.com/ankan-customer-segmentation-bucket?prefix=model.pkl&encoding-type=url
[ 2026-03-04 18:38:24,842 ] botocore.utils - DEBUG - URI updated to: https://ankan-customer-segmentation-bucket.s3.ap-southeast-2.amazonaws.com/?prefix=model.pkl&encoding-type=url
[ 2026-03-04 18:38:24,842 ] botocore.auth - DEBUG - Calculating signature using v4 auth.
[ 2026-03-04 18:38:24,842 ] botocore.auth - DEBUG - CanonicalRequest:
GET
/
encoding-type=url&prefix=model.pkl
host:ankan-customer-segmentation-bucket.s3.ap-southeast-2.amazonaws.com
x-amz-content-sha256:e3b0c44298fc1c149afbf4c8996fb92427ae41e4649b934ca495991b7852b855
x-amz-date:20260304T130824Z

host;x-amz-content-sha256;x-amz-date
e3b0c44298fc1c149afbf4c8996fb92427ae41e4649b934ca495991b7852b855
[ 2026-03-04 18:38:24,843 ] botocore.auth - DEBUG - StringToSign:
AWS4-HMAC-SHA256
20260304T130824Z
20260304/ap-southeast-2/s3/aws4_request
5aacedf55f3311a82e114bff9531e60f94ca426c36c8a546d104128659e301b8
[ 2026-03-04 18:38:24,843 ] botocore.auth - DEBUG - Signature:
4c44a243bbcec2ff01dac4e061dddc0b07fd1456c1ab3f0cd5dcd8ae4151801c
[ 2026-03-04 18:38:24,843 ] botocore.hooks - DEBUG - Event request-created.s3.ListObjects: calling handler <function add_retry_headers at 0x000001BC6D0D4790>
[ 2026-03-04 18:38:24,843 ] botocore.endpoint - DEBUG - Sending http request: <AWSPreparedRequest stream_output=False, method=GET, url=https://ankan-customer-segmentation-bucket.s3.ap-southeast-2.amazonaws.com/?prefix=model.pkl&encoding-type=url, headers={'User-Agent': b'Boto3/1.24.84 Python/3.10.11 Windows/10 Botocore/1.27.96 Resource', 'X-Amz-Date': b'20260304T130824Z', 'X-Amz-Content-SHA256': b'e3b0c44298fc1c149afbf4c8996fb92427ae41e4649b934ca495991b7852b855', 'Authorization': b'AWS4-HMAC-SHA256 Credential=AKIA5OGYVVGOYWO22LU3/20260304/ap-southeast-2/s3/aws4_request, SignedHeaders=host;x-amz-content-sha256;x-amz-date, Signature=4c44a243bbcec2ff01dac4e061dddc0b07fd1456c1ab3f0cd5dcd8ae4151801c', 'amz-sdk-invocation-id': b'd277d1e7-3c76-46a7-8451-55d7643f291f', 'amz-sdk-request': b'attempt=1'}>
[ 2026-03-04 18:38:24,843 ] botocore.httpsession - DEBUG - Certificate path: C:\Users\ankan\Downloads\Customer-Categorizer\venv\lib\site-packages\certifi\cacert.pem
[ 2026-03-04 18:38:24,844 ] urllib3.connectionpool - DEBUG - Resetting dropped connection: ankan-customer-segmentation-bucket.s3.ap-southeast-2.amazonaws.com
[ 2026-03-04 18:38:25,492 ] urllib3.connectionpool - DEBUG - https://ankan-customer-segmentation-bucket.s3.ap-southeast-2.amazonaws.com:443 "GET /?prefix=model.pkl&encoding-type=url HTTP/1.1" 200 None
[ 2026-03-04 18:38:25,493 ] botocore.parsers - DEBUG - Response headers: {'x-amz-id-2': '40xfazguXEYtOUU4eQkJSmlKjRzU/mxIGaz3GiOWH/CFiPA8Qbs2XBoqMK21Fx8a+fd86ltFDhvq1UXD+x8cxrXQPj8mTKa3', 'x-amz-request-id': '97EWEG24HF8CHDFS', 'Date': 'Wed, 04 Mar 2026 13:08:29 GMT', 'x-amz-bucket-region': 'ap-southeast-2', 'Content-Type': 'application/xml', 'Transfer-Encoding': 'chunked', 'Server': 'AmazonS3'}
[ 2026-03-04 18:38:25,493 ] botocore.parsers - DEBUG - Response body:
b'<?xml version="1.0" encoding="UTF-8"?>\n<ListBucketResult xmlns="http://s3.amazonaws.com/doc/2006-03-01/"><Name>ankan-customer-segmentation-bucket</Name><Prefix>model.pkl</Prefix><Marker></Marker><MaxKeys>1000</MaxKeys><EncodingType>url</EncodingType><IsTruncated>false</IsTruncated><Contents><Key>model.pkl</Key><LastModified>2026-03-04T12:37:35.000Z</LastModified><ETag>&quot;eb261d6b0fabe02009e7f456a3c77c81&quot;</ETag><ChecksumAlgorithm>CRC64NVME</ChecksumAlgorithm><ChecksumType>FULL_OBJECT</ChecksumType><Size>4532</Size><Owner><ID>f72f0e30c7050900838cece95ec97cd9e8c06408d898bb6edd0ce8658839f86e</ID></Owner><StorageClass>STANDARD</StorageClass></Contents></ListBucketResult>'
[ 2026-03-04 18:38:25,494 ] botocore.hooks - DEBUG - Event needs-retry.s3.ListObjects: calling handler <botocore.retryhandler.RetryHandler object at 0x000001BC2132D720>
[ 2026-03-04 18:38:25,494 ] botocore.retryhandler - DEBUG - No retry needed.
[ 2026-03-04 18:38:25,494 ] botocore.hooks - DEBUG - Event needs-retry.s3.ListObjects: calling handler <bound method S3RegionRedirector.redirect_from_error of <botocore.utils.S3RegionRedirector object at 0x000001BC2132D7E0>>
[ 2026-03-04 18:38:25,494 ] botocore.hooks - DEBUG - Event after-call.s3.ListObjects: calling handler <function decode_list_object at 0x000001BC6D0AFD00>
[ 2026-03-04 18:38:25,495 ] boto3.resources.factory - DEBUG - Loading s3:ObjectSummary
[ 2026-03-04 18:38:25,495 ] boto3.resources.model - DEBUG - Renaming ObjectSummary attribute key
[ 2026-03-04 18:38:25,496 ] botocore.hooks - DEBUG - Event creating-resource-class.s3.ObjectSummary: calling handler <function lazy_call.<locals>._handler at 0x000001BC20B1EB90>
[ 2026-03-04 18:38:25,496 ] root - INFO - Exited the get_file_object method of S3Operations class
[ 2026-03-04 18:38:25,496 ] root - INFO - Entered the read_object method of S3Operations class
[ 2026-03-04 18:38:25,496 ] root - INFO - Exited the read_object method of S3Operations class
[ 2026-03-04 18:38:25,496 ] boto3.resources.action - DEBUG - Calling s3:get_object with {'Bucket': 'ankan-customer-segmentation-bucket', 'Key': 'model.pkl'}
[ 2026-03-04 18:38:25,497 ] botocore.hooks - DEBUG - Event before-parameter-build.s3.GetObject: calling handler <function sse_md5 at 0x000001BC6D0AEA70>
[ 2026-03-04 18:38:25,497 ] botocore.hooks - DEBUG - Event before-parameter-build.s3.GetObject: calling handler <function validate_bucket_name at 0x000001BC6D0AE9E0>
[ 2026-03-04 18:38:25,497 ] botocore.hooks - DEBUG - Event before-parameter-build.s3.GetObject: calling handler <bound method S3RegionRedirector.redirect_from_cache of <botocore.utils.S3RegionRedirector object at 0x000001BC2132D7E0>>
[ 2026-03-04 18:38:25,497 ] botocore.hooks - DEBUG - Event before-parameter-build.s3.GetObject: calling handler <bound method S3ArnParamHandler.handle_arn of <botocore.utils.S3ArnParamHandler object at 0x000001BC2132D7B0>>
[ 2026-03-04 18:38:25,497 ] botocore.hooks - DEBUG - Event before-parameter-build.s3.GetObject: calling handler <function generate_idempotent_uuid at 0x000001BC6D0AE830>
[ 2026-03-04 18:38:25,497 ] botocore.hooks - DEBUG - Event before-call.s3.GetObject: calling handler <function add_expect_header at 0x000001BC6D0AED40>
[ 2026-03-04 18:38:25,497 ] botocore.hooks - DEBUG - Event before-call.s3.GetObject: calling handler <bound method S3RegionRedirector.set_request_url of <botocore.utils.S3RegionRedirector object at 0x000001BC2132D7E0>>
[ 2026-03-04 18:38:25,497 ] botocore.utils - DEBUG - Updating URI from https://s3.ap-south-1.amazonaws.com/ankan-customer-segmentation-bucket/model.pkl to https://s3.ap-southeast-2.amazonaws.com/ankan-customer-segmentation-bucket/model.pkl
[ 2026-03-04 18:38:25,497 ] botocore.hooks - DEBUG - Event before-call.s3.GetObject: calling handler <function add_recursion_detection_header at 0x000001BC6D0AE4D0>
[ 2026-03-04 18:38:25,497 ] botocore.hooks - DEBUG - Event before-call.s3.GetObject: calling handler <function inject_api_version_header_if_needed at 0x000001BC6D0D40D0>
[ 2026-03-04 18:38:25,498 ] botocore.endpoint - DEBUG - Making request for OperationModel(name=GetObject) with params: {'url_path': '/ankan-customer-segmentation-bucket/model.pkl', 'query_string': {}, 'method': 'GET', 'headers': {'User-Agent': 'Boto3/1.24.84 Python/3.10.11 Windows/10 Botocore/1.27.96 Resource'}, 'body': b'', 'url': 'https://s3.ap-southeast-2.amazonaws.com/ankan-customer-segmentation-bucket/model.pkl', 'context': {'client_region': 'ap-south-1', 'client_config': <botocore.config.Config object at 0x000001BC2132CD60>, 'has_streaming_input': False, 'auth_type': None, 'signing': {'region': 'ap-southeast-2', 'bucket': 'ankan-customer-segmentation-bucket', 'endpoint': 'https://s3.ap-southeast-2.amazonaws.com'}}}
[ 2026-03-04 18:38:25,498 ] botocore.hooks - DEBUG - Event request-created.s3.GetObject: calling handler <bound method RequestSigner.handler of <botocore.signers.RequestSigner object at 0x000001BC2132CAC0>>
[ 2026-03-04 18:38:25,498 ] botocore.hooks - DEBUG - Event choose-signer.s3.GetObject: calling handler <bound method S3EndpointSetter.set_signer of <botocore.utils.S3EndpointSetter object at 0x000001BC2132D8D0>>
[ 2026-03-04 18:38:25,498 ] botocore.hooks - DEBUG - Event choose-signer.s3.GetObject: calling handler <function set_operation_specific_signer at 0x000001BC6D0AE710>
[ 2026-03-04 18:38:25,498 ] botocore.hooks - DEBUG - Event before-sign.s3.GetObject: calling handler <bound method S3EndpointSetter.set_endpoint of <botocore.utils.S3EndpointSetter object at 0x000001BC2132D8D0>>
[ 2026-03-04 18:38:25,498 ] botocore.utils - DEBUG - Checking for DNS compatible bucket for: https://s3.ap-southeast-2.amazonaws.com/ankan-customer-segmentation-bucket/model.pkl
[ 2026-03-04 18:38:25,498 ] botocore.utils - DEBUG - URI updated to: https://ankan-customer-segmentation-bucket.s3.ap-southeast-2.amazonaws.com/model.pkl
[ 2026-03-04 18:38:25,499 ] botocore.auth - DEBUG - Calculating signature using v4 auth.
[ 2026-03-04 18:38:25,499 ] botocore.auth - DEBUG - CanonicalRequest:
GET
/model.pkl

host:ankan-customer-segmentation-bucket.s3.ap-southeast-2.amazonaws.com
x-amz-content-sha256:e3b0c44298fc1c149afbf4c8996fb92427ae41e4649b934ca495991b7852b855
x-amz-date:20260304T130825Z

host;x-amz-content-sha256;x-amz-date
e3b0c44298fc1c149afbf4c8996fb92427ae41e4649b934ca495991b7852b855
[ 2026-03-04 18:38:25,499 ] botocore.auth - DEBUG - StringToSign:
AWS4-HMAC-SHA256
20260304T130825Z
20260304/ap-southeast-2/s3/aws4_request
efbad351fb98523544c2e7c173bc0b64218d0859ab07f93a4a454f94700cd7f3
[ 2026-03-04 18:38:25,499 ] botocore.auth - DEBUG - Signature:
ab0d6e3a3c24a07268a82c66f857077e2da9aaf330f43254c72fd666dd07ba62
[ 2026-03-04 18:38:25,499 ] botocore.hooks - DEBUG - Event request-created.s3.GetObject: calling handler <function add_retry_headers at 0x000001BC6D0D4790>
[ 2026-03-04 18:38:25,499 ] botocore.endpoint - DEBUG - Sending http request: <AWSPreparedRequest stream_output=True, method=GET, url=https://ankan-customer-segmentation-bucket.s3.ap-southeast-2.amazonaws.com/model.pkl, headers={'User-Agent': b'Boto3/1.24.84 Python/3.10.11 Windows/10 Botocore/1.27.96 Resource', 'X-Amz-Date': b'20260304T130825Z', 'X-Amz-Content-SHA256': b'e3b0c44298fc1c149afbf4c8996fb92427ae41e4649b934ca495991b7852b855', 'Authorization': b'AWS4-HMAC-SHA256 Credential=AKIA5OGYVVGOYWO22LU3/20260304/ap-southeast-2/s3/aws4_request, SignedHeaders=host;x-amz-content-sha256;x-amz-date, Signature=ab0d6e3a3c24a07268a82c66f857077e2da9aaf330f43254c72fd666dd07ba62', 'amz-sdk-invocation-id': b'52d2ef8d-d224-4f3a-bf0c-ed960cf62023', 'amz-sdk-request': b'attempt=1'}>
[ 2026-03-04 18:38:25,500 ] botocore.httpsession - DEBUG - Certificate path: C:\Users\ankan\Downloads\Customer-Categorizer\venv\lib\site-packages\certifi\cacert.pem
[ 2026-03-04 18:38:25,695 ] urllib3.connectionpool - DEBUG - https://ankan-customer-segmentation-bucket.s3.ap-southeast-2.amazonaws.com:443 "GET /model.pkl HTTP/1.1" 200 4532
[ 2026-03-04 18:38:25,696 ] botocore.parsers - DEBUG - Response headers: {'x-amz-id-2': 'cJMpIK7taamRbUaS6Nz3mDmqx3b9uV5d7vZedAyP8qPrw4BmtCuHL1cX2kvaW8GiGx1uLTID9x1X1KI3VTTxogZ0QMuqHUtN', 'x-amz-request-id': '97EH9MB9WKYDVTDB', 'Date': 'Wed, 04 Mar 2026 13:08:29 GMT', 'Last-Modified': 'Wed, 04 Mar 2026 12:37:35 GMT', 'ETag': '"eb261d6b0fabe02009e7f456a3c77c81"', 'x-amz-server-side-encryption': 'AES256', 'Accept-Ranges': 'bytes', 'Content-Type': 'binary/octet-stream', 'Content-Length': '4532', 'Server': 'AmazonS3'}
[ 2026-03-04 18:38:25,696 ] botocore.parsers - DEBUG - Response body:
<botocore.response.StreamingBody object at 0x000001BC2107FD60>
[ 2026-03-04 18:38:25,699 ] botocore.hooks - DEBUG - Event needs-retry.s3.GetObject: calling handler <botocore.retryhandler.RetryHandler object at 0x000001BC2132D720>
[ 2026-03-04 18:38:25,699 ] botocore.retryhandler - DEBUG - No retry needed.
[ 2026-03-04 18:38:25,699 ] botocore.hooks - DEBUG - Event needs-retry.s3.GetObject: calling handler <bound method S3RegionRedirector.redirect_from_error of <botocore.utils.S3RegionRedirector object at 0x000001BC2132D7E0>>
[ 2026-03-04 18:38:25,699 ] boto3.resources.action - DEBUG - Response: {'ResponseMetadata': {'RequestId': '97EH9MB9WKYDVTDB', 'HostId': 'cJMpIK7taamRbUaS6Nz3mDmqx3b9uV5d7vZedAyP8qPrw4BmtCuHL1cX2kvaW8GiGx1uLTID9x1X1KI3VTTxogZ0QMuqHUtN', 'HTTPStatusCode': 200, 'HTTPHeaders': {'x-amz-id-2': 'cJMpIK7taamRbUaS6Nz3mDmqx3b9uV5d7vZedAyP8qPrw4BmtCuHL1cX2kvaW8GiGx1uLTID9x1X1KI3VTTxogZ0QMuqHUtN', 'x-amz-request-id': '97EH9MB9WKYDVTDB', 'date': 'Wed, 04 Mar 2026 13:08:29 GMT', 'last-modified': 'Wed, 04 Mar 2026 12:37:35 GMT', 'etag': '"eb261d6b0fabe02009e7f456a3c77c81"', 'x-amz-server-side-encryption': 'AES256', 'accept-ranges': 'bytes', 'content-type': 'binary/octet-stream', 'content-length': '4532', 'server': 'AmazonS3'}, 'RetryAttempts': 0}, 'AcceptRanges': 'bytes', 'LastModified': datetime.datetime(2026, 3, 4, 12, 37, 35, tzinfo=tzutc()), 'ContentLength': 4532, 'ETag': '"eb261d6b0fabe02009e7f456a3c77c81"', 'ContentType': 'binary/octet-stream', 'ServerSideEncryption': 'AES256', 'Metadata': {}, 'Body': <botocore.response.StreamingBody object at 0x000001BC2107FD60>}
[ 2026-03-04 18:38:25,700 ] root - INFO - Exited the load_model method of S3Operations class
[ 2026-03-04 18:38:25,700 ] root - INFO - Entered predict method of srcTruckModel class
[ 2026-03-04 18:38:25,700 ] root - INFO - Using the trained model to get predictions
[ 2026-03-04 18:38:25,711 ] root - INFO - Used the trained model to get predictions
[ 2026-03-04 18:40:47,489 ] multipart.multipart - DEBUG - Calling on_field_start with no data
[ 2026-03-04 18:40:47,489 ] multipart.multipart - DEBUG - Calling on_field_name with data[0:3]
[ 2026-03-04 18:40:47,489 ] multipart.multipart - DEBUG - Calling on_field_data with data[4:6]
[ 2026-03-04 18:40:47,489 ] multipart.multipart - DEBUG - Calling on_field_end with no data
[ 2026-03-04 18:40:47,489 ] multipart.multipart - DEBUG - Calling on_field_start with no data
[ 2026-03-04 18:40:47,489 ] multipart.multipart - DEBUG - Calling on_field_name with data[7:16]
[ 2026-03-04 18:40:47,489 ] multipart.multipart - DEBUG - Calling on_field_data with data[17:18]
[ 2026-03-04 18:40:47,489 ] multipart.multipart - DEBUG - Calling on_field_end with no data
[ 2026-03-04 18:40:47,490 ] multipart.multipart - DEBUG - Calling on_field_start with no data
[ 2026-03-04 18:40:47,490 ] multipart.multipart - DEBUG - Calling on_field_name with data[19:33]
[ 2026-03-04 18:40:47,490 ] multipart.multipart - DEBUG - Calling on_field_data with data[34:35]
[ 2026-03-04 18:40:47,490 ] multipart.multipart - DEBUG - Calling on_field_end with no data
[ 2026-03-04 18:40:47,490 ] multipart.multipart - DEBUG - Calling on_field_start with no data
[ 2026-03-04 18:40:47,490 ] multipart.multipart - DEBUG - Calling on_field_name with data[36:51]
[ 2026-03-04 18:40:47,490 ] multipart.multipart - DEBUG - Calling on_field_data with data[52:53]
[ 2026-03-04 18:40:47,490 ] multipart.multipart - DEBUG - Calling on_field_end with no data
[ 2026-03-04 18:40:47,490 ] multipart.multipart - DEBUG - Calling on_field_start with no data
[ 2026-03-04 18:40:47,490 ] multipart.multipart - DEBUG - Calling on_field_name with data[54:62]
[ 2026-03-04 18:40:47,490 ] multipart.multipart - DEBUG - Calling on_field_data with data[63:64]
[ 2026-03-04 18:40:47,490 ] multipart.multipart - DEBUG - Calling on_field_end with no data
[ 2026-03-04 18:40:47,490 ] multipart.multipart - DEBUG - Calling on_field_start with no data
[ 2026-03-04 18:40:47,490 ] multipart.multipart - DEBUG - Calling on_field_name with data[65:71]
[ 2026-03-04 18:40:47,490 ] multipart.multipart - DEBUG - Calling on_field_data with data[72:79]
[ 2026-03-04 18:40:47,490 ] multipart.multipart - DEBUG - Calling on_field_end with no data
[ 2026-03-04 18:40:47,491 ] multipart.multipart - DEBUG - Calling on_field_start with no data
[ 2026-03-04 18:40:47,491 ] multipart.multipart - DEBUG - Calling on_field_name with data[80:94]
[ 2026-03-04 18:40:47,491 ] multipart.multipart - DEBUG - Calling on_field_data with data[95:100]
[ 2026-03-04 18:40:47,491 ] multipart.multipart - DEBUG - Calling on_field_end with no data
[ 2026-03-04 18:40:47,491 ] multipart.multipart - DEBUG - Calling on_field_start with no data
[ 2026-03-04 18:40:47,491 ] multipart.multipart - DEBUG - Calling on_field_name with data[101:117]
[ 2026-03-04 18:40:47,491 ] multipart.multipart - DEBUG - Calling on_field_data with data[118:122]
[ 2026-03-04 18:40:47,491 ] multipart.multipart - DEBUG - Calling on_field_end with no data
[ 2026-03-04 18:40:47,491 ] multipart.multipart - DEBUG - Calling on_field_start with no data
[ 2026-03-04 18:40:47,491 ] multipart.multipart - DEBUG - Calling on_field_name with data[123:130]
[ 2026-03-04 18:40:47,491 ] multipart.multipart - DEBUG - Calling on_field_data with data[131:134]
[ 2026-03-04 18:40:47,491 ] multipart.multipart - DEBUG - Calling on_field_end with no data
[ 2026-03-04 18:40:47,491 ] multipart.multipart - DEBUG - Calling on_field_start with no data
[ 2026-03-04 18:40:47,491 ] multipart.multipart - DEBUG - Calling on_field_name with data[135:140]
[ 2026-03-04 18:40:47,491 ] multipart.multipart - DEBUG - Calling on_field_data with data[141:144]
[ 2026-03-04 18:40:47,491 ] multipart.multipart - DEBUG - Calling on_field_end with no data
[ 2026-03-04 18:40:47,491 ] multipart.multipart - DEBUG - Calling on_field_start with no data
[ 2026-03-04 18:40:47,492 ] multipart.multipart - DEBUG - Calling on_field_name with data[145:151]
[ 2026-03-04 18:40:47,492 ] multipart.multipart - DEBUG - Calling on_field_data with data[152:157]
[ 2026-03-04 18:40:47,492 ] multipart.multipart - DEBUG - Calling on_field_end with no data
[ 2026-03-04 18:40:47,492 ] multipart.multipart - DEBUG - Calling on_field_start with no data
[ 2026-03-04 18:40:47,492 ] multipart.multipart - DEBUG - Calling on_field_name with data[158:162]
[ 2026-03-04 18:40:47,492 ] multipart.multipart - DEBUG - Calling on_field_data with data[163:167]
[ 2026-03-04 18:40:47,492 ] multipart.multipart - DEBUG - Calling on_field_end with no data
[ 2026-03-04 18:40:47,492 ] multipart.multipart - DEBUG - Calling on_field_start with no data
[ 2026-03-04 18:40:47,492 ] multipart.multipart - DEBUG - Calling on_field_name with data[168:172]
[ 2026-03-04 18:40:47,492 ] multipart.multipart - DEBUG - Calling on_field_data with data[173:177]
[ 2026-03-04 18:40:47,492 ] multipart.multipart - DEBUG - Calling on_field_end with no data
[ 2026-03-04 18:40:47,492 ] multipart.multipart - DEBUG - Calling on_field_start with no data
[ 2026-03-04 18:40:47,492 ] multipart.multipart - DEBUG - Calling on_field_name with data[178:184]
[ 2026-03-04 18:40:47,492 ] multipart.multipart - DEBUG - Calling on_field_data with data[185:189]
[ 2026-03-04 18:40:47,492 ] multipart.multipart - DEBUG - Calling on_field_end with no data
[ 2026-03-04 18:40:47,492 ] multipart.multipart - DEBUG - Calling on_field_start with no data
[ 2026-03-04 18:40:47,492 ] multipart.multipart - DEBUG - Calling on_field_name with data[190:194]
[ 2026-03-04 18:40:47,493 ] multipart.multipart - DEBUG - Calling on_field_data with data[195:203]
[ 2026-03-04 18:40:47,493 ] multipart.multipart - DEBUG - Calling on_field_end with no data
[ 2026-03-04 18:40:47,493 ] multipart.multipart - DEBUG - Calling on_field_start with no data
[ 2026-03-04 18:40:47,493 ] multipart.multipart - DEBUG - Calling on_field_name with data[204:207]
[ 2026-03-04 18:40:47,493 ] multipart.multipart - DEBUG - Calling on_field_data with data[208:212]
[ 2026-03-04 18:40:47,493 ] multipart.multipart - DEBUG - Calling on_field_end with no data
[ 2026-03-04 18:40:47,493 ] multipart.multipart - DEBUG - Calling on_field_start with no data
[ 2026-03-04 18:40:47,493 ] multipart.multipart - DEBUG - Calling on_field_name with data[213:220]
[ 2026-03-04 18:40:47,493 ] multipart.multipart - DEBUG - Calling on_field_data with data[221:225]
[ 2026-03-04 18:40:47,493 ] multipart.multipart - DEBUG - Calling on_field_end with no data
[ 2026-03-04 18:40:47,493 ] multipart.multipart - DEBUG - Calling on_field_start with no data
[ 2026-03-04 18:40:47,493 ] multipart.multipart - DEBUG - Calling on_field_name with data[226:231]
[ 2026-03-04 18:40:47,493 ] multipart.multipart - DEBUG - Calling on_field_data with data[232:236]
[ 2026-03-04 18:40:47,493 ] multipart.multipart - DEBUG - Calling on_field_end with no data
[ 2026-03-04 18:40:47,493 ] multipart.multipart - DEBUG - Calling on_field_start with no data
[ 2026-03-04 18:40:47,493 ] multipart.multipart - DEBUG - Calling on_field_name with data[237:255]
[ 2026-03-04 18:40:47,493 ] multipart.multipart - DEBUG - Calling on_field_data with data[256:261]
[ 2026-03-04 18:40:47,494 ] multipart.multipart - DEBUG - Calling on_field_end with no data
[ 2026-03-04 18:40:47,494 ] multipart.multipart - DEBUG - Calling on_field_start with no data
[ 2026-03-04 18:40:47,494 ] multipart.multipart - DEBUG - Calling on_field_name with data[262:273]
[ 2026-03-04 18:40:47,494 ] multipart.multipart - DEBUG - Calling on_field_data with data[274:278]
[ 2026-03-04 18:40:47,494 ] multipart.multipart - DEBUG - Calling on_field_end with no data
[ 2026-03-04 18:40:47,494 ] multipart.multipart - DEBUG - Calling on_field_start with no data
[ 2026-03-04 18:40:47,494 ] multipart.multipart - DEBUG - Calling on_field_name with data[279:296]
[ 2026-03-04 18:40:47,494 ] multipart.multipart - DEBUG - Calling on_field_data with data[297:301]
[ 2026-03-04 18:40:47,494 ] multipart.multipart - DEBUG - Calling on_field_end with no data
[ 2026-03-04 18:40:47,494 ] multipart.multipart - DEBUG - Calling on_end with no data
[ 2026-03-04 18:40:47,511 ] root - INFO - customerDatafram has been created
[ 2026-03-04 18:40:47,511 ] root - INFO - Entered the load_model method of S3Operations class
[ 2026-03-04 18:40:47,511 ] root - INFO - Entered the get_file_object method of S3Operations class
[ 2026-03-04 18:40:47,511 ] root - INFO - Entered the get_bucket method of S3Operations class
[ 2026-03-04 18:40:47,511 ] boto3.resources.factory - DEBUG - Loading s3:Bucket
[ 2026-03-04 18:40:47,512 ] boto3.resources.model - DEBUG - Renaming Bucket attribute name
[ 2026-03-04 18:40:47,513 ] botocore.hooks - DEBUG - Event creating-resource-class.s3.Bucket: calling handler <function lazy_call.<locals>._handler at 0x000001BC20B1EA70>
[ 2026-03-04 18:40:47,513 ] root - INFO - Exited the get_bucket method of S3Operations class
[ 2026-03-04 18:40:47,514 ] boto3.resources.collection - DEBUG - Calling paginated s3:list_objects with {'Bucket': 'ankan-customer-segmentation-bucket', 'Prefix': 'model.pkl'}
[ 2026-03-04 18:40:47,515 ] botocore.hooks - DEBUG - Event before-parameter-build.s3.ListObjects: calling handler <function set_list_objects_encoding_type_url at 0x000001BC6D0AFC70>
[ 2026-03-04 18:40:47,515 ] botocore.hooks - DEBUG - Event before-parameter-build.s3.ListObjects: calling handler <function validate_bucket_name at 0x000001BC6D0AE9E0>
[ 2026-03-04 18:40:47,515 ] botocore.hooks - DEBUG - Event before-parameter-build.s3.ListObjects: calling handler <bound method S3RegionRedirector.redirect_from_cache of <botocore.utils.S3RegionRedirector object at 0x000001BC2132D7E0>>
[ 2026-03-04 18:40:47,515 ] botocore.hooks - DEBUG - Event before-parameter-build.s3.ListObjects: calling handler <bound method S3ArnParamHandler.handle_arn of <botocore.utils.S3ArnParamHandler object at 0x000001BC2132D7B0>>
[ 2026-03-04 18:40:47,515 ] botocore.hooks - DEBUG - Event before-parameter-build.s3.ListObjects: calling handler <function generate_idempotent_uuid at 0x000001BC6D0AE830>
[ 2026-03-04 18:40:47,516 ] botocore.hooks - DEBUG - Event before-call.s3.ListObjects: calling handler <function add_expect_header at 0x000001BC6D0AED40>
[ 2026-03-04 18:40:47,516 ] botocore.hooks - DEBUG - Event before-call.s3.ListObjects: calling handler <bound method S3RegionRedirector.set_request_url of <botocore.utils.S3RegionRedirector object at 0x000001BC2132D7E0>>
[ 2026-03-04 18:40:47,516 ] botocore.utils - DEBUG - Updating URI from https://s3.ap-south-1.amazonaws.com/ankan-customer-segmentation-bucket?prefix=model.pkl&encoding-type=url to https://s3.ap-southeast-2.amazonaws.com/ankan-customer-segmentation-bucket?prefix=model.pkl&encoding-type=url
[ 2026-03-04 18:40:47,516 ] botocore.hooks - DEBUG - Event before-call.s3.ListObjects: calling handler <function add_recursion_detection_header at 0x000001BC6D0AE4D0>
[ 2026-03-04 18:40:47,516 ] botocore.hooks - DEBUG - Event before-call.s3.ListObjects: calling handler <function inject_api_version_header_if_needed at 0x000001BC6D0D40D0>
[ 2026-03-04 18:40:47,516 ] botocore.endpoint - DEBUG - Making request for OperationModel(name=ListObjects) with params: {'url_path': '/ankan-customer-segmentation-bucket', 'query_string': {'prefix': 'model.pkl', 'encoding-type': 'url'}, 'method': 'GET', 'headers': {'User-Agent': 'Boto3/1.24.84 Python/3.10.11 Windows/10 Botocore/1.27.96 Resource'}, 'body': b'', 'url': 'https://s3.ap-southeast-2.amazonaws.com/ankan-customer-segmentation-bucket?prefix=model.pkl&encoding-type=url', 'context': {'client_region': 'ap-south-1', 'client_config': <botocore.config.Config object at 0x000001BC2132CD60>, 'has_streaming_input': False, 'auth_type': None, 'encoding_type_auto_set': True, 'signing': {'region': 'ap-southeast-2', 'bucket': 'ankan-customer-segmentation-bucket', 'endpoint': 'https://s3.ap-southeast-2.amazonaws.com'}}}
[ 2026-03-04 18:40:47,516 ] botocore.hooks - DEBUG - Event request-created.s3.ListObjects: calling handler <bound method RequestSigner.handler of <botocore.signers.RequestSigner object at 0x000001BC2132CAC0>>
[ 2026-03-04 18:40:47,516 ] botocore.hooks - DEBUG - Event choose-signer.s3.ListObjects: calling handler <bound method S3EndpointSetter.set_signer of <botocore.utils.S3EndpointSetter object at 0x000001BC2132D8D0>>
[ 2026-03-04 18:40:47,517 ] botocore.hooks - DEBUG - Event choose-signer.s3.ListObjects: calling handler <function set_operation_specific_signer at 0x000001BC6D0AE710>
[ 2026-03-04 18:40:47,517 ] botocore.hooks - DEBUG - Event before-sign.s3.ListObjects: calling handler <bound method S3EndpointSetter.set_endpoint of <botocore.utils.S3EndpointSetter object at 0x000001BC2132D8D0>>
[ 2026-03-04 18:40:47,517 ] botocore.utils - DEBUG - Checking for DNS compatible bucket for: https://s3.ap-southeast-2.amazonaws.com/ankan-customer-segmentation-bucket?prefix=model.pkl&encoding-type=url
[ 2026-03-04 18:40:47,517 ] botocore.utils - DEBUG - URI updated to: https://ankan-customer-segmentation-bucket.s3.ap-southeast-2.amazonaws.com/?prefix=model.pkl&encoding-type=url
[ 2026-03-04 18:40:47,517 ] botocore.auth - DEBUG - Calculating signature using v4 auth.
[ 2026-03-04 18:40:47,518 ] botocore.auth - DEBUG - CanonicalRequest:
GET
/
encoding-type=url&prefix=model.pkl
host:ankan-customer-segmentation-bucket.s3.ap-southeast-2.amazonaws.com
x-amz-content-sha256:e3b0c44298fc1c149afbf4c8996fb92427ae41e4649b934ca495991b7852b855
x-amz-date:20260304T131047Z

host;x-amz-content-sha256;x-amz-date
e3b0c44298fc1c149afbf4c8996fb92427ae41e4649b934ca495991b7852b855
[ 2026-03-04 18:40:47,518 ] botocore.auth - DEBUG - StringToSign:
AWS4-HMAC-SHA256
20260304T131047Z
20260304/ap-southeast-2/s3/aws4_request
604c7b0bb3fbc9ec1d61055534e6ec8d23dcab633f829ed08f549dac4d46f1d0
[ 2026-03-04 18:40:47,518 ] botocore.auth - DEBUG - Signature:
3edbff376c15c0196b06a2382c02c551c08eb012fbffb62adc8e234e89e54906
[ 2026-03-04 18:40:47,518 ] botocore.hooks - DEBUG - Event request-created.s3.ListObjects: calling handler <function add_retry_headers at 0x000001BC6D0D4790>
[ 2026-03-04 18:40:47,518 ] botocore.endpoint - DEBUG - Sending http request: <AWSPreparedRequest stream_output=False, method=GET, url=https://ankan-customer-segmentation-bucket.s3.ap-southeast-2.amazonaws.com/?prefix=model.pkl&encoding-type=url, headers={'User-Agent': b'Boto3/1.24.84 Python/3.10.11 Windows/10 Botocore/1.27.96 Resource', 'X-Amz-Date': b'20260304T131047Z', 'X-Amz-Content-SHA256': b'e3b0c44298fc1c149afbf4c8996fb92427ae41e4649b934ca495991b7852b855', 'Authorization': b'AWS4-HMAC-SHA256 Credential=AKIA5OGYVVGOYWO22LU3/20260304/ap-southeast-2/s3/aws4_request, SignedHeaders=host;x-amz-content-sha256;x-amz-date, Signature=3edbff376c15c0196b06a2382c02c551c08eb012fbffb62adc8e234e89e54906', 'amz-sdk-invocation-id': b'43e293eb-c7f5-4d7f-8d97-d7be1d6a654a', 'amz-sdk-request': b'attempt=1'}>
[ 2026-03-04 18:40:47,519 ] botocore.httpsession - DEBUG - Certificate path: C:\Users\ankan\Downloads\Customer-Categorizer\venv\lib\site-packages\certifi\cacert.pem
[ 2026-03-04 18:40:47,519 ] urllib3.connectionpool - DEBUG - Resetting dropped connection: ankan-customer-segmentation-bucket.s3.ap-southeast-2.amazonaws.com
[ 2026-03-04 18:40:48,238 ] urllib3.connectionpool - DEBUG - https://ankan-customer-segmentation-bucket.s3.ap-southeast-2.amazonaws.com:443 "GET /?prefix=model.pkl&encoding-type=url HTTP/1.1" 200 None
[ 2026-03-04 18:40:48,239 ] botocore.parsers - DEBUG - Response headers: {'x-amz-id-2': 'n1/KSQhlp3/oc+2rNqk56Ep4zZ+x7a4klDm5qhqPhq0utWDImFdSg9pVo913sP8HbY8lEXz4gGKVvODcRfU/v1CKTnehRUaQ', 'x-amz-request-id': '158NSQ6BHSPBQGND', 'Date': 'Wed, 04 Mar 2026 13:10:52 GMT', 'x-amz-bucket-region': 'ap-southeast-2', 'Content-Type': 'application/xml', 'Transfer-Encoding': 'chunked', 'Server': 'AmazonS3'}
[ 2026-03-04 18:40:48,239 ] botocore.parsers - DEBUG - Response body:
b'<?xml version="1.0" encoding="UTF-8"?>\n<ListBucketResult xmlns="http://s3.amazonaws.com/doc/2006-03-01/"><Name>ankan-customer-segmentation-bucket</Name><Prefix>model.pkl</Prefix><Marker></Marker><MaxKeys>1000</MaxKeys><EncodingType>url</EncodingType><IsTruncated>false</IsTruncated><Contents><Key>model.pkl</Key><LastModified>2026-03-04T12:37:35.000Z</LastModified><ETag>&quot;eb261d6b0fabe02009e7f456a3c77c81&quot;</ETag><ChecksumAlgorithm>CRC64NVME</ChecksumAlgorithm><ChecksumType>FULL_OBJECT</ChecksumType><Size>4532</Size><Owner><ID>f72f0e30c7050900838cece95ec97cd9e8c06408d898bb6edd0ce8658839f86e</ID></Owner><StorageClass>STANDARD</StorageClass></Contents></ListBucketResult>'
[ 2026-03-04 18:40:48,240 ] botocore.hooks - DEBUG - Event needs-retry.s3.ListObjects: calling handler <botocore.retryhandler.RetryHandler object at 0x000001BC2132D720>
[ 2026-03-04 18:40:48,240 ] botocore.retryhandler - DEBUG - No retry needed.
[ 2026-03-04 18:40:48,240 ] botocore.hooks - DEBUG - Event needs-retry.s3.ListObjects: calling handler <bound method S3RegionRedirector.redirect_from_error of <botocore.utils.S3RegionRedirector object at 0x000001BC2132D7E0>>
[ 2026-03-04 18:40:48,241 ] botocore.hooks - DEBUG - Event after-call.s3.ListObjects: calling handler <function decode_list_object at 0x000001BC6D0AFD00>
[ 2026-03-04 18:40:48,241 ] boto3.resources.factory - DEBUG - Loading s3:ObjectSummary
[ 2026-03-04 18:40:48,241 ] boto3.resources.model - DEBUG - Renaming ObjectSummary attribute key
[ 2026-03-04 18:40:48,242 ] botocore.hooks - DEBUG - Event creating-resource-class.s3.ObjectSummary: calling handler <function lazy_call.<locals>._handler at 0x000001BC20B1EB90>
[ 2026-03-04 18:40:48,242 ] root - INFO - Exited the get_file_object method of S3Operations class
[ 2026-03-04 18:40:48,242 ] root - INFO - Entered the read_object method of S3Operations class
[ 2026-03-04 18:40:48,242 ] root - INFO - Exited the read_object method of S3Operations class
[ 2026-03-04 18:40:48,242 ] boto3.resources.action - DEBUG - Calling s3:get_object with {'Bucket': 'ankan-customer-segmentation-bucket', 'Key': 'model.pkl'}
[ 2026-03-04 18:40:48,242 ] botocore.hooks - DEBUG - Event before-parameter-build.s3.GetObject: calling handler <function sse_md5 at 0x000001BC6D0AEA70>
[ 2026-03-04 18:40:48,242 ] botocore.hooks - DEBUG - Event before-parameter-build.s3.GetObject: calling handler <function validate_bucket_name at 0x000001BC6D0AE9E0>
[ 2026-03-04 18:40:48,242 ] botocore.hooks - DEBUG - Event before-parameter-build.s3.GetObject: calling handler <bound method S3RegionRedirector.redirect_from_cache of <botocore.utils.S3RegionRedirector object at 0x000001BC2132D7E0>>
[ 2026-03-04 18:40:48,242 ] botocore.hooks - DEBUG - Event before-parameter-build.s3.GetObject: calling handler <bound method S3ArnParamHandler.handle_arn of <botocore.utils.S3ArnParamHandler object at 0x000001BC2132D7B0>>
[ 2026-03-04 18:40:48,243 ] botocore.hooks - DEBUG - Event before-parameter-build.s3.GetObject: calling handler <function generate_idempotent_uuid at 0x000001BC6D0AE830>
[ 2026-03-04 18:40:48,243 ] botocore.hooks - DEBUG - Event before-call.s3.GetObject: calling handler <function add_expect_header at 0x000001BC6D0AED40>
[ 2026-03-04 18:40:48,243 ] botocore.hooks - DEBUG - Event before-call.s3.GetObject: calling handler <bound method S3RegionRedirector.set_request_url of <botocore.utils.S3RegionRedirector object at 0x000001BC2132D7E0>>
[ 2026-03-04 18:40:48,243 ] botocore.utils - DEBUG - Updating URI from https://s3.ap-south-1.amazonaws.com/ankan-customer-segmentation-bucket/model.pkl to https://s3.ap-southeast-2.amazonaws.com/ankan-customer-segmentation-bucket/model.pkl
[ 2026-03-04 18:40:48,243 ] botocore.hooks - DEBUG - Event before-call.s3.GetObject: calling handler <function add_recursion_detection_header at 0x000001BC6D0AE4D0>
[ 2026-03-04 18:40:48,243 ] botocore.hooks - DEBUG - Event before-call.s3.GetObject: calling handler <function inject_api_version_header_if_needed at 0x000001BC6D0D40D0>
[ 2026-03-04 18:40:48,243 ] botocore.endpoint - DEBUG - Making request for OperationModel(name=GetObject) with params: {'url_path': '/ankan-customer-segmentation-bucket/model.pkl', 'query_string': {}, 'method': 'GET', 'headers': {'User-Agent': 'Boto3/1.24.84 Python/3.10.11 Windows/10 Botocore/1.27.96 Resource'}, 'body': b'', 'url': 'https://s3.ap-southeast-2.amazonaws.com/ankan-customer-segmentation-bucket/model.pkl', 'context': {'client_region': 'ap-south-1', 'client_config': <botocore.config.Config object at 0x000001BC2132CD60>, 'has_streaming_input': False, 'auth_type': None, 'signing': {'region': 'ap-southeast-2', 'bucket': 'ankan-customer-segmentation-bucket', 'endpoint': 'https://s3.ap-southeast-2.amazonaws.com'}}}
[ 2026-03-04 18:40:48,243 ] botocore.hooks - DEBUG - Event request-created.s3.GetObject: calling handler <bound method RequestSigner.handler of <botocore.signers.RequestSigner object at 0x000001BC2132CAC0>>
[ 2026-03-04 18:40:48,243 ] botocore.hooks - DEBUG - Event choose-signer.s3.GetObject: calling handler <bound method S3EndpointSetter.set_signer of <botocore.utils.S3EndpointSetter object at 0x000001BC2132D8D0>>
[ 2026-03-04 18:40:48,244 ] botocore.hooks - DEBUG - Event choose-signer.s3.GetObject: calling handler <function set_operation_specific_signer at 0x000001BC6D0AE710>
[ 2026-03-04 18:40:48,244 ] botocore.hooks - DEBUG - Event before-sign.s3.GetObject: calling handler <bound method S3EndpointSetter.set_endpoint of <botocore.utils.S3EndpointSetter object at 0x000001BC2132D8D0>>
[ 2026-03-04 18:40:48,244 ] botocore.utils - DEBUG - Checking for DNS compatible bucket for: https://s3.ap-southeast-2.amazonaws.com/ankan-customer-segmentation-bucket/model.pkl
[ 2026-03-04 18:40:48,244 ] botocore.utils - DEBUG - URI updated to: https://ankan-customer-segmentation-bucket.s3.ap-southeast-2.amazonaws.com/model.pkl
[ 2026-03-04 18:40:48,244 ] botocore.auth - DEBUG - Calculating signature using v4 auth.
[ 2026-03-04 18:40:48,244 ] botocore.auth - DEBUG - CanonicalRequest:
GET
/model.pkl

host:ankan-customer-segmentation-bucket.s3.ap-southeast-2.amazonaws.com
x-amz-content-sha256:e3b0c44298fc1c149afbf4c8996fb92427ae41e4649b934ca495991b7852b855
x-amz-date:20260304T131048Z

host;x-amz-content-sha256;x-amz-date
e3b0c44298fc1c149afbf4c8996fb92427ae41e4649b934ca495991b7852b855
[ 2026-03-04 18:40:48,244 ] botocore.auth - DEBUG - StringToSign:
AWS4-HMAC-SHA256
20260304T131048Z
20260304/ap-southeast-2/s3/aws4_request
d65691b33adbc0ec43fc57a288dfe66184a8a07f0f6f1dfe9c07b4beb3b4739a
[ 2026-03-04 18:40:48,245 ] botocore.auth - DEBUG - Signature:
b67d41f02a07a0aafdbf3be9561fdf2999e07fffcbf6879dddc6819c8656e52c
[ 2026-03-04 18:40:48,245 ] botocore.hooks - DEBUG - Event request-created.s3.GetObject: calling handler <function add_retry_headers at 0x000001BC6D0D4790>
[ 2026-03-04 18:40:48,245 ] botocore.endpoint - DEBUG - Sending http request: <AWSPreparedRequest stream_output=True, method=GET, url=https://ankan-customer-segmentation-bucket.s3.ap-southeast-2.amazonaws.com/model.pkl, headers={'User-Agent': b'Boto3/1.24.84 Python/3.10.11 Windows/10 Botocore/1.27.96 Resource', 'X-Amz-Date': b'20260304T131048Z', 'X-Amz-Content-SHA256': b'e3b0c44298fc1c149afbf4c8996fb92427ae41e4649b934ca495991b7852b855', 'Authorization': b'AWS4-HMAC-SHA256 Credential=AKIA5OGYVVGOYWO22LU3/20260304/ap-southeast-2/s3/aws4_request, SignedHeaders=host;x-amz-content-sha256;x-amz-date, Signature=b67d41f02a07a0aafdbf3be9561fdf2999e07fffcbf6879dddc6819c8656e52c', 'amz-sdk-invocation-id': b'1dba2c4b-90d9-4071-8a32-861757c2b2f5', 'amz-sdk-request': b'attempt=1'}>
[ 2026-03-04 18:40:48,245 ] botocore.httpsession - DEBUG - Certificate path: C:\Users\ankan\Downloads\Customer-Categorizer\venv\lib\site-packages\certifi\cacert.pem
[ 2026-03-04 18:40:48,451 ] urllib3.connectionpool - DEBUG - https://ankan-customer-segmentation-bucket.s3.ap-southeast-2.amazonaws.com:443 "GET /model.pkl HTTP/1.1" 200 4532
[ 2026-03-04 18:40:48,452 ] botocore.parsers - DEBUG - Response headers: {'x-amz-id-2': 'Ib1b9rmrUGkhcOhphHOHYTqFjQ+deJEblsEJW7NhkNiiQ4Kxd64OirdBuLfiDmZ7llvtSg7y8V05RQvLvT0P6NiaXMvB/HbR', 'x-amz-request-id': '158PEE5YZ3ZVJM6Q', 'Date': 'Wed, 04 Mar 2026 13:10:52 GMT', 'Last-Modified': 'Wed, 04 Mar 2026 12:37:35 GMT', 'ETag': '"eb261d6b0fabe02009e7f456a3c77c81"', 'x-amz-server-side-encryption': 'AES256', 'Accept-Ranges': 'bytes', 'Content-Type': 'binary/octet-stream', 'Content-Length': '4532', 'Server': 'AmazonS3'}
[ 2026-03-04 18:40:48,452 ] botocore.parsers - DEBUG - Response body:
<botocore.response.StreamingBody object at 0x000001BC213955A0>
[ 2026-03-04 18:40:48,453 ] botocore.hooks - DEBUG - Event needs-retry.s3.GetObject: calling handler <botocore.retryhandler.RetryHandler object at 0x000001BC2132D720>
[ 2026-03-04 18:40:48,453 ] botocore.retryhandler - DEBUG - No retry needed.
[ 2026-03-04 18:40:48,453 ] botocore.hooks - DEBUG - Event needs-retry.s3.GetObject: calling handler <bound method S3RegionRedirector.redirect_from_error of <botocore.utils.S3RegionRedirector object at 0x000001BC2132D7E0>>
[ 2026-03-04 18:40:48,454 ] boto3.resources.action - DEBUG - Response: {'ResponseMetadata': {'RequestId': '158PEE5YZ3ZVJM6Q', 'HostId': 'Ib1b9rmrUGkhcOhphHOHYTqFjQ+deJEblsEJW7NhkNiiQ4Kxd64OirdBuLfiDmZ7llvtSg7y8V05RQvLvT0P6NiaXMvB/HbR', 'HTTPStatusCode': 200, 'HTTPHeaders': {'x-amz-id-2': 'Ib1b9rmrUGkhcOhphHOHYTqFjQ+deJEblsEJW7NhkNiiQ4Kxd64OirdBuLfiDmZ7llvtSg7y8V05RQvLvT0P6NiaXMvB/HbR', 'x-amz-request-id': '158PEE5YZ3ZVJM6Q', 'date': 'Wed, 04 Mar 2026 13:10:52 GMT', 'last-modified': 'Wed, 04 Mar 2026 12:37:35 GMT', 'etag': '"eb261d6b0fabe02009e7f456a3c77c81"', 'x-amz-server-side-encryption': 'AES256', 'accept-ranges': 'bytes', 'content-type': 'binary/octet-stream', 'content-length': '4532', 'server': 'AmazonS3'}, 'RetryAttempts': 0}, 'AcceptRanges': 'bytes', 'LastModified': datetime.datetime(2026, 3, 4, 12, 37, 35, tzinfo=tzutc()), 'ContentLength': 4532, 'ETag': '"eb261d6b0fabe02009e7f456a3c77c81"', 'ContentType': 'binary/octet-stream', 'ServerSideEncryption': 'AES256', 'Metadata': {}, 'Body': <botocore.response.StreamingBody object at 0x000001BC213955A0>}
[ 2026-03-04 18:40:48,454 ] root - INFO - Exited the load_model method of S3Operations class
[ 2026-03-04 18:40:48,455 ] root - INFO - Entered predict method of srcTruckModel class
[ 2026-03-04 18:40:48,455 ] root - INFO - Using the trained model to get predictions
[ 2026-03-04 18:40:48,467 ] root - INFO - Used the trained model to get predictions
[ 2026-03-04 19:20:36,462 ] asyncio - DEBUG - Using proactor: IocpProactor
[ 2026-03-04 19:20:36,552 ] uvicorn.error - INFO - Started server process [20788]
[ 2026-03-04 19:20:36,552 ] uvicorn.error - INFO - Waiting for application startup.
[ 2026-03-04 19:20:36,554 ] uvicorn.error - INFO - Application startup complete.
[ 2026-03-04 19:20:36,555 ] uvicorn.error - INFO - Uvicorn running on http://0.0.0.0:5000 (Press CTRL+C to quit)
[ 2026-03-04 19:21:35,209 ] multipart.multipart - DEBUG - Calling on_field_start with no data
[ 2026-03-04 19:21:35,209 ] multipart.multipart - DEBUG - Calling on_field_name with data[0:3]
[ 2026-03-04 19:21:35,209 ] multipart.multipart - DEBUG - Calling on_field_data with data[4:6]
[ 2026-03-04 19:21:35,210 ] multipart.multipart - DEBUG - Calling on_field_end with no data
[ 2026-03-04 19:21:35,210 ] multipart.multipart - DEBUG - Calling on_field_start with no data
[ 2026-03-04 19:21:35,210 ] multipart.multipart - DEBUG - Calling on_field_name with data[7:16]
[ 2026-03-04 19:21:35,210 ] multipart.multipart - DEBUG - Calling on_field_data with data[17:18]
[ 2026-03-04 19:21:35,210 ] multipart.multipart - DEBUG - Calling on_field_end with no data
[ 2026-03-04 19:21:35,210 ] multipart.multipart - DEBUG - Calling on_field_start with no data
[ 2026-03-04 19:21:35,210 ] multipart.multipart - DEBUG - Calling on_field_name with data[19:33]
[ 2026-03-04 19:21:35,210 ] multipart.multipart - DEBUG - Calling on_field_data with data[34:35]
[ 2026-03-04 19:21:35,210 ] multipart.multipart - DEBUG - Calling on_field_end with no data
[ 2026-03-04 19:21:35,210 ] multipart.multipart - DEBUG - Calling on_field_start with no data
[ 2026-03-04 19:21:35,210 ] multipart.multipart - DEBUG - Calling on_field_name with data[36:51]
[ 2026-03-04 19:21:35,210 ] multipart.multipart - DEBUG - Calling on_field_data with data[52:53]
[ 2026-03-04 19:21:35,210 ] multipart.multipart - DEBUG - Calling on_field_end with no data
[ 2026-03-04 19:21:35,210 ] multipart.multipart - DEBUG - Calling on_field_start with no data
[ 2026-03-04 19:21:35,210 ] multipart.multipart - DEBUG - Calling on_field_name with data[54:62]
[ 2026-03-04 19:21:35,210 ] multipart.multipart - DEBUG - Calling on_field_data with data[63:65]
[ 2026-03-04 19:21:35,210 ] multipart.multipart - DEBUG - Calling on_field_end with no data
[ 2026-03-04 19:21:35,210 ] multipart.multipart - DEBUG - Calling on_field_start with no data
[ 2026-03-04 19:21:35,210 ] multipart.multipart - DEBUG - Calling on_field_name with data[66:72]
[ 2026-03-04 19:21:35,210 ] multipart.multipart - DEBUG - Calling on_field_data with data[73:75]
[ 2026-03-04 19:21:35,211 ] multipart.multipart - DEBUG - Calling on_field_end with no data
[ 2026-03-04 19:21:35,211 ] multipart.multipart - DEBUG - Calling on_field_start with no data
[ 2026-03-04 19:21:35,211 ] multipart.multipart - DEBUG - Calling on_field_name with data[76:90]
[ 2026-03-04 19:21:35,211 ] multipart.multipart - DEBUG - Calling on_field_data with data[91:93]
[ 2026-03-04 19:21:35,211 ] multipart.multipart - DEBUG - Calling on_field_end with no data
[ 2026-03-04 19:21:35,211 ] multipart.multipart - DEBUG - Calling on_field_start with no data
[ 2026-03-04 19:21:35,211 ] multipart.multipart - DEBUG - Calling on_field_name with data[94:110]
[ 2026-03-04 19:21:35,212 ] multipart.multipart - DEBUG - Calling on_field_data with data[111:113]
[ 2026-03-04 19:21:35,212 ] multipart.multipart - DEBUG - Calling on_field_end with no data
[ 2026-03-04 19:21:35,212 ] multipart.multipart - DEBUG - Calling on_field_start with no data
[ 2026-03-04 19:21:35,212 ] multipart.multipart - DEBUG - Calling on_field_name with data[114:121]
[ 2026-03-04 19:21:35,212 ] multipart.multipart - DEBUG - Calling on_field_data with data[122:124]
[ 2026-03-04 19:21:35,212 ] multipart.multipart - DEBUG - Calling on_field_end with no data
[ 2026-03-04 19:21:35,212 ] multipart.multipart - DEBUG - Calling on_field_start with no data
[ 2026-03-04 19:21:35,212 ] multipart.multipart - DEBUG - Calling on_field_name with data[125:130]
[ 2026-03-04 19:21:35,212 ] multipart.multipart - DEBUG - Calling on_field_data with data[131:133]
[ 2026-03-04 19:21:35,213 ] multipart.multipart - DEBUG - Calling on_field_end with no data
[ 2026-03-04 19:21:35,213 ] multipart.multipart - DEBUG - Calling on_field_start with no data
[ 2026-03-04 19:21:35,213 ] multipart.multipart - DEBUG - Calling on_field_name with data[134:140]
[ 2026-03-04 19:21:35,213 ] multipart.multipart - DEBUG - Calling on_field_data with data[141:143]
[ 2026-03-04 19:21:35,213 ] multipart.multipart - DEBUG - Calling on_field_end with no data
[ 2026-03-04 19:21:35,213 ] multipart.multipart - DEBUG - Calling on_field_start with no data
[ 2026-03-04 19:21:35,213 ] multipart.multipart - DEBUG - Calling on_field_name with data[144:148]
[ 2026-03-04 19:21:35,213 ] multipart.multipart - DEBUG - Calling on_field_data with data[149:151]
[ 2026-03-04 19:21:35,213 ] multipart.multipart - DEBUG - Calling on_field_end with no data
[ 2026-03-04 19:21:35,213 ] multipart.multipart - DEBUG - Calling on_field_start with no data
[ 2026-03-04 19:21:35,214 ] multipart.multipart - DEBUG - Calling on_field_name with data[152:156]
[ 2026-03-04 19:21:35,214 ] multipart.multipart - DEBUG - Calling on_field_data with data[157:159]
[ 2026-03-04 19:21:35,214 ] multipart.multipart - DEBUG - Calling on_field_end with no data
[ 2026-03-04 19:21:35,214 ] multipart.multipart - DEBUG - Calling on_field_start with no data
[ 2026-03-04 19:21:35,214 ] multipart.multipart - DEBUG - Calling on_field_name with data[160:166]
[ 2026-03-04 19:21:35,214 ] multipart.multipart - DEBUG - Calling on_field_data with data[167:169]
[ 2026-03-04 19:21:35,214 ] multipart.multipart - DEBUG - Calling on_field_end with no data
[ 2026-03-04 19:21:35,214 ] multipart.multipart - DEBUG - Calling on_field_start with no data
[ 2026-03-04 19:21:35,214 ] multipart.multipart - DEBUG - Calling on_field_name with data[170:174]
[ 2026-03-04 19:21:35,214 ] multipart.multipart - DEBUG - Calling on_field_data with data[175:177]
[ 2026-03-04 19:21:35,214 ] multipart.multipart - DEBUG - Calling on_field_end with no data
[ 2026-03-04 19:21:35,214 ] multipart.multipart - DEBUG - Calling on_field_start with no data
[ 2026-03-04 19:21:35,215 ] multipart.multipart - DEBUG - Calling on_field_name with data[178:181]
[ 2026-03-04 19:21:35,215 ] multipart.multipart - DEBUG - Calling on_field_data with data[182:184]
[ 2026-03-04 19:21:35,215 ] multipart.multipart - DEBUG - Calling on_field_end with no data
[ 2026-03-04 19:21:35,215 ] multipart.multipart - DEBUG - Calling on_field_start with no data
[ 2026-03-04 19:21:35,215 ] multipart.multipart - DEBUG - Calling on_field_name with data[185:192]
[ 2026-03-04 19:21:35,215 ] multipart.multipart - DEBUG - Calling on_field_data with data[193:195]
[ 2026-03-04 19:21:35,215 ] multipart.multipart - DEBUG - Calling on_field_end with no data
[ 2026-03-04 19:21:35,215 ] multipart.multipart - DEBUG - Calling on_field_start with no data
[ 2026-03-04 19:21:35,215 ] multipart.multipart - DEBUG - Calling on_field_name with data[196:201]
[ 2026-03-04 19:21:35,215 ] multipart.multipart - DEBUG - Calling on_field_data with data[202:204]
[ 2026-03-04 19:21:35,216 ] multipart.multipart - DEBUG - Calling on_field_end with no data
[ 2026-03-04 19:21:35,216 ] multipart.multipart - DEBUG - Calling on_field_start with no data
[ 2026-03-04 19:21:35,216 ] multipart.multipart - DEBUG - Calling on_field_name with data[205:223]
[ 2026-03-04 19:21:35,216 ] multipart.multipart - DEBUG - Calling on_field_data with data[224:226]
[ 2026-03-04 19:21:35,216 ] multipart.multipart - DEBUG - Calling on_field_end with no data
[ 2026-03-04 19:21:35,216 ] multipart.multipart - DEBUG - Calling on_field_start with no data
[ 2026-03-04 19:21:35,216 ] multipart.multipart - DEBUG - Calling on_field_name with data[227:238]
[ 2026-03-04 19:21:35,216 ] multipart.multipart - DEBUG - Calling on_field_data with data[239:241]
[ 2026-03-04 19:21:35,216 ] multipart.multipart - DEBUG - Calling on_field_end with no data
[ 2026-03-04 19:21:35,216 ] multipart.multipart - DEBUG - Calling on_field_start with no data
[ 2026-03-04 19:21:35,216 ] multipart.multipart - DEBUG - Calling on_field_name with data[242:259]
[ 2026-03-04 19:21:35,217 ] multipart.multipart - DEBUG - Calling on_field_data with data[260:263]
[ 2026-03-04 19:21:35,218 ] multipart.multipart - DEBUG - Calling on_field_end with no data
[ 2026-03-04 19:21:35,218 ] multipart.multipart - DEBUG - Calling on_end with no data
[ 2026-03-04 19:21:35,248 ] root - INFO - customerDatafram has been created
[ 2026-03-04 19:21:35,249 ] botocore.hooks - DEBUG - Changing event name from creating-client-class.iot-data to creating-client-class.iot-data-plane
[ 2026-03-04 19:21:35,252 ] botocore.hooks - DEBUG - Changing event name from before-call.apigateway to before-call.api-gateway
[ 2026-03-04 19:21:35,253 ] botocore.hooks - DEBUG - Changing event name from request-created.machinelearning.Predict to request-created.machine-learning.Predict
[ 2026-03-04 19:21:35,255 ] botocore.hooks - DEBUG - Changing event name from before-parameter-build.autoscaling.CreateLaunchConfiguration to before-parameter-build.auto-scaling.CreateLaunchConfiguration
[ 2026-03-04 19:21:35,255 ] botocore.hooks - DEBUG - Changing event name from before-parameter-build.route53 to before-parameter-build.route-53
[ 2026-03-04 19:21:35,256 ] botocore.hooks - DEBUG - Changing event name from request-created.cloudsearchdomain.Search to request-created.cloudsearch-domain.Search
[ 2026-03-04 19:21:35,257 ] botocore.hooks - DEBUG - Changing event name from docs.*.autoscaling.CreateLaunchConfiguration.complete-section to docs.*.auto-scaling.CreateLaunchConfiguration.complete-section
[ 2026-03-04 19:21:35,261 ] botocore.hooks - DEBUG - Changing event name from before-parameter-build.logs.CreateExportTask to before-parameter-build.cloudwatch-logs.CreateExportTask
[ 2026-03-04 19:21:35,261 ] botocore.hooks - DEBUG - Changing event name from docs.*.logs.CreateExportTask.complete-section to docs.*.cloudwatch-logs.CreateExportTask.complete-section
[ 2026-03-04 19:21:35,261 ] botocore.hooks - DEBUG - Changing event name from before-parameter-build.cloudsearchdomain.Search to before-parameter-build.cloudsearch-domain.Search
[ 2026-03-04 19:21:35,262 ] botocore.hooks - DEBUG - Changing event name from docs.*.cloudsearchdomain.Search.complete-section to docs.*.cloudsearch-domain.Search.complete-section
[ 2026-03-04 19:21:35,975 ] botocore.loaders - DEBUG - Loading JSON file: C:\Users\ankan\Downloads\Customer-Categorizer\venv\lib\site-packages\boto3\data\s3\2006-03-01\resources-1.json
[ 2026-03-04 19:21:35,981 ] botocore.loaders - DEBUG - Loading JSON file: C:\Users\ankan\Downloads\Customer-Categorizer\venv\lib\site-packages\botocore\data\endpoints.json
[ 2026-03-04 19:21:36,010 ] botocore.loaders - DEBUG - Loading JSON file: C:\Users\ankan\Downloads\Customer-Categorizer\venv\lib\site-packages\botocore\data\sdk-default-configuration.json
[ 2026-03-04 19:21:36,011 ] botocore.hooks - DEBUG - Event choose-service-name: calling handler <function handle_service_name_alias at 0x000001D133E74310>
[ 2026-03-04 19:21:36,117 ] botocore.loaders - DEBUG - Loading JSON file: C:\Users\ankan\Downloads\Customer-Categorizer\venv\lib\site-packages\botocore\data\s3\2006-03-01\service-2.json
[ 2026-03-04 19:21:36,139 ] botocore.hooks - DEBUG - Event creating-client-class.s3: calling handler <function add_generate_presigned_post at 0x000001D133DF8040>
[ 2026-03-04 19:21:36,139 ] botocore.hooks - DEBUG - Event creating-client-class.s3: calling handler <function lazy_call.<locals>._handler at 0x000001D167714A60>
[ 2026-03-04 19:21:36,142 ] botocore.hooks - DEBUG - Event creating-client-class.s3: calling handler <function add_generate_presigned_url at 0x000001D133DCBD90>
[ 2026-03-04 19:21:36,146 ] botocore.endpoint - DEBUG - Setting s3 timeout as (60, 60)
[ 2026-03-04 19:21:36,195 ] botocore.loaders - DEBUG - Loading JSON file: C:\Users\ankan\Downloads\Customer-Categorizer\venv\lib\site-packages\botocore\data\_retry.json
[ 2026-03-04 19:21:36,197 ] botocore.client - DEBUG - Registering retry handlers for service: s3
[ 2026-03-04 19:21:36,198 ] boto3.resources.factory - DEBUG - Loading s3:s3
[ 2026-03-04 19:21:36,200 ] botocore.hooks - DEBUG - Event choose-service-name: calling handler <function handle_service_name_alias at 0x000001D133E74310>
[ 2026-03-04 19:21:36,203 ] botocore.hooks - DEBUG - Event creating-client-class.s3: calling handler <function add_generate_presigned_post at 0x000001D133DF8040>
[ 2026-03-04 19:21:36,203 ] botocore.hooks - DEBUG - Event creating-client-class.s3: calling handler <function lazy_call.<locals>._handler at 0x000001D167714A60>
[ 2026-03-04 19:21:36,203 ] botocore.hooks - DEBUG - Event creating-client-class.s3: calling handler <function add_generate_presigned_url at 0x000001D133DCBD90>
[ 2026-03-04 19:21:36,205 ] botocore.endpoint - DEBUG - Setting s3 timeout as (60, 60)
[ 2026-03-04 19:21:36,206 ] botocore.client - DEBUG - Registering retry handlers for service: s3
[ 2026-03-04 19:21:36,207 ] root - INFO - Entered the load_model method of S3Operations class
[ 2026-03-04 19:21:36,207 ] root - INFO - Entered the get_file_object method of S3Operations class
[ 2026-03-04 19:21:36,207 ] root - INFO - Entered the get_bucket method of S3Operations class
[ 2026-03-04 19:21:36,207 ] boto3.resources.factory - DEBUG - Loading s3:Bucket
[ 2026-03-04 19:21:36,208 ] boto3.resources.model - DEBUG - Renaming Bucket attribute name
[ 2026-03-04 19:21:36,209 ] botocore.hooks - DEBUG - Event creating-resource-class.s3.Bucket: calling handler <function lazy_call.<locals>._handler at 0x000001D167714EE0>
[ 2026-03-04 19:21:36,210 ] root - INFO - Exited the get_bucket method of S3Operations class
[ 2026-03-04 19:21:36,279 ] botocore.loaders - DEBUG - Loading JSON file: C:\Users\ankan\Downloads\Customer-Categorizer\venv\lib\site-packages\botocore\data\s3\2006-03-01\paginators-1.json
[ 2026-03-04 19:21:36,280 ] boto3.resources.collection - DEBUG - Calling paginated s3:list_objects with {'Bucket': 'ankan-customer-segmentation-bucket', 'Prefix': 'model.pkl'}
[ 2026-03-04 19:21:36,281 ] botocore.hooks - DEBUG - Event before-parameter-build.s3.ListObjects: calling handler <function set_list_objects_encoding_type_url at 0x000001D133E76EF0>
[ 2026-03-04 19:21:36,281 ] botocore.hooks - DEBUG - Event before-parameter-build.s3.ListObjects: calling handler <function validate_bucket_name at 0x000001D133E75C60>
[ 2026-03-04 19:21:36,281 ] botocore.hooks - DEBUG - Event before-parameter-build.s3.ListObjects: calling handler <bound method S3RegionRedirector.redirect_from_cache of <botocore.utils.S3RegionRedirector object at 0x000001D167F4A3B0>>
[ 2026-03-04 19:21:36,282 ] botocore.hooks - DEBUG - Event before-parameter-build.s3.ListObjects: calling handler <bound method S3ArnParamHandler.handle_arn of <botocore.utils.S3ArnParamHandler object at 0x000001D167F4A380>>
[ 2026-03-04 19:21:36,282 ] botocore.hooks - DEBUG - Event before-parameter-build.s3.ListObjects: calling handler <function generate_idempotent_uuid at 0x000001D133E75AB0>
[ 2026-03-04 19:21:36,282 ] botocore.hooks - DEBUG - Event before-call.s3.ListObjects: calling handler <function add_expect_header at 0x000001D133E75FC0>
[ 2026-03-04 19:21:36,282 ] botocore.hooks - DEBUG - Event before-call.s3.ListObjects: calling handler <bound method S3RegionRedirector.set_request_url of <botocore.utils.S3RegionRedirector object at 0x000001D167F4A3B0>>
[ 2026-03-04 19:21:36,282 ] botocore.hooks - DEBUG - Event before-call.s3.ListObjects: calling handler <function add_recursion_detection_header at 0x000001D133E75750>
[ 2026-03-04 19:21:36,282 ] botocore.hooks - DEBUG - Event before-call.s3.ListObjects: calling handler <function inject_api_version_header_if_needed at 0x000001D133E772E0>
[ 2026-03-04 19:21:36,283 ] botocore.endpoint - DEBUG - Making request for OperationModel(name=ListObjects) with params: {'url_path': '/ankan-customer-segmentation-bucket', 'query_string': {'prefix': 'model.pkl', 'encoding-type': 'url'}, 'method': 'GET', 'headers': {'User-Agent': 'Boto3/1.24.84 Python/3.10.11 Windows/10 Botocore/1.27.96 Resource'}, 'body': b'', 'url': 'https://s3.ap-south-1.amazonaws.com/ankan-customer-segmentation-bucket?prefix=model.pkl&encoding-type=url', 'context': {'client_region': 'ap-south-1', 'client_config': <botocore.config.Config object at 0x000001D167F49930>, 'has_streaming_input': False, 'auth_type': None, 'encoding_type_auto_set': True, 'signing': {'bucket': 'ankan-customer-segmentation-bucket'}}}
[ 2026-03-04 19:21:36,283 ] botocore.hooks - DEBUG - Event request-created.s3.ListObjects: calling handler <bound method RequestSigner.handler of <botocore.signers.RequestSigner object at 0x000001D167F49690>>
[ 2026-03-04 19:21:36,283 ] botocore.hooks - DEBUG - Event choose-signer.s3.ListObjects: calling handler <bound method S3EndpointSetter.set_signer of <botocore.utils.S3EndpointSetter object at 0x000001D167F4A4A0>>
[ 2026-03-04 19:21:36,283 ] botocore.hooks - DEBUG - Event choose-signer.s3.ListObjects: calling handler <function set_operation_specific_signer at 0x000001D133E75990>
[ 2026-03-04 19:21:36,284 ] botocore.hooks - DEBUG - Event before-sign.s3.ListObjects: calling handler <bound method S3EndpointSetter.set_endpoint of <botocore.utils.S3EndpointSetter object at 0x000001D167F4A4A0>>
[ 2026-03-04 19:21:36,284 ] botocore.utils - DEBUG - Defaulting to S3 virtual host style addressing with path style addressing fallback.
[ 2026-03-04 19:21:36,284 ] botocore.utils - DEBUG - Checking for DNS compatible bucket for: https://s3.ap-south-1.amazonaws.com/ankan-customer-segmentation-bucket?prefix=model.pkl&encoding-type=url
[ 2026-03-04 19:21:36,284 ] botocore.utils - DEBUG - URI updated to: https://ankan-customer-segmentation-bucket.s3.ap-south-1.amazonaws.com/?prefix=model.pkl&encoding-type=url
[ 2026-03-04 19:21:36,285 ] botocore.auth - DEBUG - Calculating signature using v4 auth.
[ 2026-03-04 19:21:36,285 ] botocore.auth - DEBUG - CanonicalRequest:
GET
/
encoding-type=url&prefix=model.pkl
host:ankan-customer-segmentation-bucket.s3.ap-south-1.amazonaws.com
x-amz-content-sha256:e3b0c44298fc1c149afbf4c8996fb92427ae41e4649b934ca495991b7852b855
x-amz-date:20260304T135136Z

host;x-amz-content-sha256;x-amz-date
e3b0c44298fc1c149afbf4c8996fb92427ae41e4649b934ca495991b7852b855
[ 2026-03-04 19:21:36,286 ] botocore.auth - DEBUG - StringToSign:
AWS4-HMAC-SHA256
20260304T135136Z
20260304/ap-south-1/s3/aws4_request
e09b36f1f9b3a2d8bd49f6ff4eb3dcef2ad54757c6615fca87502da37e64f8bd
[ 2026-03-04 19:21:36,286 ] botocore.auth - DEBUG - Signature:
f03da1b794af1b159af326783d3b0654a0dfd9ebece5e195cecfca634e1e69a0
[ 2026-03-04 19:21:36,288 ] botocore.hooks - DEBUG - Event request-created.s3.ListObjects: calling handler <function add_retry_headers at 0x000001D133E779A0>
[ 2026-03-04 19:21:36,288 ] botocore.endpoint - DEBUG - Sending http request: <AWSPreparedRequest stream_output=False, method=GET, url=https://ankan-customer-segmentation-bucket.s3.ap-south-1.amazonaws.com/?prefix=model.pkl&encoding-type=url, headers={'User-Agent': b'Boto3/1.24.84 Python/3.10.11 Windows/10 Botocore/1.27.96 Resource', 'X-Amz-Date': b'20260304T135136Z', 'X-Amz-Content-SHA256': b'e3b0c44298fc1c149afbf4c8996fb92427ae41e4649b934ca495991b7852b855', 'Authorization': b'AWS4-HMAC-SHA256 Credential=AKIA5OGYVVGOYWO22LU3/20260304/ap-south-1/s3/aws4_request, SignedHeaders=host;x-amz-content-sha256;x-amz-date, Signature=f03da1b794af1b159af326783d3b0654a0dfd9ebece5e195cecfca634e1e69a0', 'amz-sdk-invocation-id': b'e82fc90a-8767-4839-a2c2-cedee7fd299b', 'amz-sdk-request': b'attempt=1'}>
[ 2026-03-04 19:21:36,289 ] botocore.httpsession - DEBUG - Certificate path: C:\Users\ankan\Downloads\Customer-Categorizer\venv\lib\site-packages\certifi\cacert.pem
[ 2026-03-04 19:21:36,290 ] urllib3.connectionpool - DEBUG - Starting new HTTPS connection (1): ankan-customer-segmentation-bucket.s3.ap-south-1.amazonaws.com:443
[ 2026-03-04 19:21:37,914 ] urllib3.connectionpool - DEBUG - https://ankan-customer-segmentation-bucket.s3.ap-south-1.amazonaws.com:443 "GET /?prefix=model.pkl&encoding-type=url HTTP/1.1" 301 None
[ 2026-03-04 19:21:37,915 ] botocore.parsers - DEBUG - Response headers: {'x-amz-bucket-region': 'ap-southeast-2', 'x-amz-request-id': 'A5AQ6BSWYP48EC2X', 'x-amz-id-2': 'dhyVZe6apno5/0Mg+ZT/yQHDYjxAHr1eqnCU3yIlBQtmE67AkK+F0gefLkvf/RgiYR5CMRUdjpM=', 'Content-Type': 'application/xml', 'Transfer-Encoding': 'chunked', 'Date': 'Wed, 04 Mar 2026 13:51:40 GMT', 'Server': 'AmazonS3'}
[ 2026-03-04 19:21:37,915 ] botocore.parsers - DEBUG - Response body:
b'<?xml version="1.0" encoding="UTF-8"?>\n<Error><Code>PermanentRedirect</Code><Message>The bucket you are attempting to access must be addressed using the specified endpoint. Please send all future requests to this endpoint.</Message><Endpoint>ankan-customer-segmentation-bucket.s3-ap-southeast-2.amazonaws.com</Endpoint><Bucket>ankan-customer-segmentation-bucket</Bucket><RequestId>A5AQ6BSWYP48EC2X</RequestId><HostId>dhyVZe6apno5/0Mg+ZT/yQHDYjxAHr1eqnCU3yIlBQtmE67AkK+F0gefLkvf/RgiYR5CMRUdjpM=</HostId></Error>'
[ 2026-03-04 19:21:37,921 ] botocore.hooks - DEBUG - Event needs-retry.s3.ListObjects: calling handler <botocore.retryhandler.RetryHandler object at 0x000001D167F4A2F0>
[ 2026-03-04 19:21:37,921 ] botocore.retryhandler - DEBUG - No retry needed.
[ 2026-03-04 19:21:37,921 ] botocore.hooks - DEBUG - Event needs-retry.s3.ListObjects: calling handler <bound method S3RegionRedirector.redirect_from_error of <botocore.utils.S3RegionRedirector object at 0x000001D167F4A3B0>>
[ 2026-03-04 19:21:37,921 ] botocore.utils - DEBUG - S3 client configured for region ap-south-1 but the bucket ankan-customer-segmentation-bucket is in region ap-southeast-2; Please configure the proper region to avoid multiple unnecessary redirects and signing attempts.
[ 2026-03-04 19:21:37,922 ] botocore.utils - DEBUG - Updating URI from https://s3.ap-south-1.amazonaws.com/ankan-customer-segmentation-bucket?prefix=model.pkl&encoding-type=url to https://s3.ap-southeast-2.amazonaws.com/ankan-customer-segmentation-bucket?prefix=model.pkl&encoding-type=url
[ 2026-03-04 19:21:37,922 ] botocore.endpoint - DEBUG - Response received to retry, sleeping for 0 seconds
[ 2026-03-04 19:21:37,923 ] botocore.hooks - DEBUG - Event request-created.s3.ListObjects: calling handler <bound method RequestSigner.handler of <botocore.signers.RequestSigner object at 0x000001D167F49690>>
[ 2026-03-04 19:21:37,923 ] botocore.hooks - DEBUG - Event choose-signer.s3.ListObjects: calling handler <bound method S3EndpointSetter.set_signer of <botocore.utils.S3EndpointSetter object at 0x000001D167F4A4A0>>
[ 2026-03-04 19:21:37,923 ] botocore.hooks - DEBUG - Event choose-signer.s3.ListObjects: calling handler <function set_operation_specific_signer at 0x000001D133E75990>
[ 2026-03-04 19:21:37,924 ] botocore.hooks - DEBUG - Event before-sign.s3.ListObjects: calling handler <bound method S3EndpointSetter.set_endpoint of <botocore.utils.S3EndpointSetter object at 0x000001D167F4A4A0>>
[ 2026-03-04 19:21:37,924 ] botocore.utils - DEBUG - Checking for DNS compatible bucket for: https://s3.ap-southeast-2.amazonaws.com/ankan-customer-segmentation-bucket?prefix=model.pkl&encoding-type=url
[ 2026-03-04 19:21:37,924 ] botocore.utils - DEBUG - URI updated to: https://ankan-customer-segmentation-bucket.s3.ap-southeast-2.amazonaws.com/?prefix=model.pkl&encoding-type=url
[ 2026-03-04 19:21:37,924 ] botocore.auth - DEBUG - Calculating signature using v4 auth.
[ 2026-03-04 19:21:37,924 ] botocore.auth - DEBUG - CanonicalRequest:
GET
/
encoding-type=url&prefix=model.pkl
host:ankan-customer-segmentation-bucket.s3.ap-southeast-2.amazonaws.com
x-amz-content-sha256:e3b0c44298fc1c149afbf4c8996fb92427ae41e4649b934ca495991b7852b855
x-amz-date:20260304T135137Z

host;x-amz-content-sha256;x-amz-date
e3b0c44298fc1c149afbf4c8996fb92427ae41e4649b934ca495991b7852b855
[ 2026-03-04 19:21:37,924 ] botocore.auth - DEBUG - StringToSign:
AWS4-HMAC-SHA256
20260304T135137Z
20260304/ap-southeast-2/s3/aws4_request
d04fa146a6f624d17c43bfd7e4b2c667d697cb96082a6789b1f771870f8aef4d
[ 2026-03-04 19:21:37,924 ] botocore.auth - DEBUG - Signature:
039d66ca3a1f5af167cf4538d4d1ff59a51e52e119b3809d62067813f0a4b86b
[ 2026-03-04 19:21:37,925 ] botocore.hooks - DEBUG - Event request-created.s3.ListObjects: calling handler <function add_retry_headers at 0x000001D133E779A0>
[ 2026-03-04 19:21:37,925 ] botocore.endpoint - DEBUG - Sending http request: <AWSPreparedRequest stream_output=False, method=GET, url=https://ankan-customer-segmentation-bucket.s3.ap-southeast-2.amazonaws.com/?prefix=model.pkl&encoding-type=url, headers={'User-Agent': b'Boto3/1.24.84 Python/3.10.11 Windows/10 Botocore/1.27.96 Resource', 'X-Amz-Date': b'20260304T135137Z', 'X-Amz-Content-SHA256': b'e3b0c44298fc1c149afbf4c8996fb92427ae41e4649b934ca495991b7852b855', 'Authorization': b'AWS4-HMAC-SHA256 Credential=AKIA5OGYVVGOYWO22LU3/20260304/ap-southeast-2/s3/aws4_request, SignedHeaders=host;x-amz-content-sha256;x-amz-date, Signature=039d66ca3a1f5af167cf4538d4d1ff59a51e52e119b3809d62067813f0a4b86b', 'amz-sdk-invocation-id': b'e82fc90a-8767-4839-a2c2-cedee7fd299b', 'amz-sdk-request': b'ttl=20260304T135240Z; attempt=2; max=5'}>
[ 2026-03-04 19:21:37,926 ] botocore.httpsession - DEBUG - Certificate path: C:\Users\ankan\Downloads\Customer-Categorizer\venv\lib\site-packages\certifi\cacert.pem
[ 2026-03-04 19:21:37,927 ] urllib3.connectionpool - DEBUG - Starting new HTTPS connection (1): ankan-customer-segmentation-bucket.s3.ap-southeast-2.amazonaws.com:443
[ 2026-03-04 19:21:38,526 ] urllib3.connectionpool - DEBUG - https://ankan-customer-segmentation-bucket.s3.ap-southeast-2.amazonaws.com:443 "GET /?prefix=model.pkl&encoding-type=url HTTP/1.1" 200 None
[ 2026-03-04 19:21:38,527 ] botocore.parsers - DEBUG - Response headers: {'x-amz-id-2': 'jJUzVcC7xbFUF296djBhxI1l43R9PaLPDq1XaMiDVLwd5nngrm+4eqa1O8M+gcOSgHkKCWcqakg=', 'x-amz-request-id': 'R98TT3KZHTPH3F1H', 'Date': 'Wed, 04 Mar 2026 13:51:42 GMT', 'x-amz-bucket-region': 'ap-southeast-2', 'Content-Type': 'application/xml', 'Transfer-Encoding': 'chunked', 'Server': 'AmazonS3'}
[ 2026-03-04 19:21:38,527 ] botocore.parsers - DEBUG - Response body:
b'<?xml version="1.0" encoding="UTF-8"?>\n<ListBucketResult xmlns="http://s3.amazonaws.com/doc/2006-03-01/"><Name>ankan-customer-segmentation-bucket</Name><Prefix>model.pkl</Prefix><Marker></Marker><MaxKeys>1000</MaxKeys><EncodingType>url</EncodingType><IsTruncated>false</IsTruncated><Contents><Key>model.pkl</Key><LastModified>2026-03-04T12:37:35.000Z</LastModified><ETag>&quot;eb261d6b0fabe02009e7f456a3c77c81&quot;</ETag><ChecksumAlgorithm>CRC64NVME</ChecksumAlgorithm><ChecksumType>FULL_OBJECT</ChecksumType><Size>4532</Size><Owner><ID>f72f0e30c7050900838cece95ec97cd9e8c06408d898bb6edd0ce8658839f86e</ID></Owner><StorageClass>STANDARD</StorageClass></Contents></ListBucketResult>'
[ 2026-03-04 19:21:38,552 ] botocore.hooks - DEBUG - Event needs-retry.s3.ListObjects: calling handler <botocore.retryhandler.RetryHandler object at 0x000001D167F4A2F0>
[ 2026-03-04 19:21:38,553 ] botocore.retryhandler - DEBUG - No retry needed.
[ 2026-03-04 19:21:38,553 ] botocore.hooks - DEBUG - Event needs-retry.s3.ListObjects: calling handler <bound method S3RegionRedirector.redirect_from_error of <botocore.utils.S3RegionRedirector object at 0x000001D167F4A3B0>>
[ 2026-03-04 19:21:38,553 ] botocore.utils - DEBUG - S3 request was previously redirected, not redirecting.
[ 2026-03-04 19:21:38,553 ] botocore.hooks - DEBUG - Event after-call.s3.ListObjects: calling handler <function decode_list_object at 0x000001D133E76F80>
[ 2026-03-04 19:21:38,553 ] boto3.resources.factory - DEBUG - Loading s3:ObjectSummary
[ 2026-03-04 19:21:38,555 ] boto3.resources.model - DEBUG - Renaming ObjectSummary attribute key
[ 2026-03-04 19:21:38,555 ] botocore.hooks - DEBUG - Event creating-resource-class.s3.ObjectSummary: calling handler <function lazy_call.<locals>._handler at 0x000001D167715000>
[ 2026-03-04 19:21:38,556 ] root - INFO - Exited the get_file_object method of S3Operations class
[ 2026-03-04 19:21:38,556 ] root - INFO - Entered the read_object method of S3Operations class
[ 2026-03-04 19:21:38,556 ] root - INFO - Exited the read_object method of S3Operations class
[ 2026-03-04 19:21:38,556 ] boto3.resources.action - DEBUG - Calling s3:get_object with {'Bucket': 'ankan-customer-segmentation-bucket', 'Key': 'model.pkl'}
[ 2026-03-04 19:21:38,556 ] botocore.hooks - DEBUG - Event before-parameter-build.s3.GetObject: calling handler <function sse_md5 at 0x000001D133E75CF0>
[ 2026-03-04 19:21:38,556 ] botocore.hooks - DEBUG - Event before-parameter-build.s3.GetObject: calling handler <function validate_bucket_name at 0x000001D133E75C60>
[ 2026-03-04 19:21:38,556 ] botocore.hooks - DEBUG - Event before-parameter-build.s3.GetObject: calling handler <bound method S3RegionRedirector.redirect_from_cache of <botocore.utils.S3RegionRedirector object at 0x000001D167F4A3B0>>
[ 2026-03-04 19:21:38,557 ] botocore.hooks - DEBUG - Event before-parameter-build.s3.GetObject: calling handler <bound method S3ArnParamHandler.handle_arn of <botocore.utils.S3ArnParamHandler object at 0x000001D167F4A380>>
[ 2026-03-04 19:21:38,557 ] botocore.hooks - DEBUG - Event before-parameter-build.s3.GetObject: calling handler <function generate_idempotent_uuid at 0x000001D133E75AB0>
[ 2026-03-04 19:21:38,557 ] botocore.hooks - DEBUG - Event before-call.s3.GetObject: calling handler <function add_expect_header at 0x000001D133E75FC0>
[ 2026-03-04 19:21:38,557 ] botocore.hooks - DEBUG - Event before-call.s3.GetObject: calling handler <bound method S3RegionRedirector.set_request_url of <botocore.utils.S3RegionRedirector object at 0x000001D167F4A3B0>>
[ 2026-03-04 19:21:38,557 ] botocore.utils - DEBUG - Updating URI from https://s3.ap-south-1.amazonaws.com/ankan-customer-segmentation-bucket/model.pkl to https://s3.ap-southeast-2.amazonaws.com/ankan-customer-segmentation-bucket/model.pkl
[ 2026-03-04 19:21:38,558 ] botocore.hooks - DEBUG - Event before-call.s3.GetObject: calling handler <function add_recursion_detection_header at 0x000001D133E75750>
[ 2026-03-04 19:21:38,558 ] botocore.hooks - DEBUG - Event before-call.s3.GetObject: calling handler <function inject_api_version_header_if_needed at 0x000001D133E772E0>
[ 2026-03-04 19:21:38,558 ] botocore.endpoint - DEBUG - Making request for OperationModel(name=GetObject) with params: {'url_path': '/ankan-customer-segmentation-bucket/model.pkl', 'query_string': {}, 'method': 'GET', 'headers': {'User-Agent': 'Boto3/1.24.84 Python/3.10.11 Windows/10 Botocore/1.27.96 Resource'}, 'body': b'', 'url': 'https://s3.ap-southeast-2.amazonaws.com/ankan-customer-segmentation-bucket/model.pkl', 'context': {'client_region': 'ap-south-1', 'client_config': <botocore.config.Config object at 0x000001D167F49930>, 'has_streaming_input': False, 'auth_type': None, 'signing': {'region': 'ap-southeast-2', 'bucket': 'ankan-customer-segmentation-bucket', 'endpoint': 'https://s3.ap-southeast-2.amazonaws.com'}}}
[ 2026-03-04 19:21:38,560 ] botocore.hooks - DEBUG - Event request-created.s3.GetObject: calling handler <bound method RequestSigner.handler of <botocore.signers.RequestSigner object at 0x000001D167F49690>>
[ 2026-03-04 19:21:38,560 ] botocore.hooks - DEBUG - Event choose-signer.s3.GetObject: calling handler <bound method S3EndpointSetter.set_signer of <botocore.utils.S3EndpointSetter object at 0x000001D167F4A4A0>>
[ 2026-03-04 19:21:38,560 ] botocore.hooks - DEBUG - Event choose-signer.s3.GetObject: calling handler <function set_operation_specific_signer at 0x000001D133E75990>
[ 2026-03-04 19:21:38,560 ] botocore.hooks - DEBUG - Event before-sign.s3.GetObject: calling handler <bound method S3EndpointSetter.set_endpoint of <botocore.utils.S3EndpointSetter object at 0x000001D167F4A4A0>>
[ 2026-03-04 19:21:38,560 ] botocore.utils - DEBUG - Checking for DNS compatible bucket for: https://s3.ap-southeast-2.amazonaws.com/ankan-customer-segmentation-bucket/model.pkl
[ 2026-03-04 19:21:38,562 ] botocore.utils - DEBUG - URI updated to: https://ankan-customer-segmentation-bucket.s3.ap-southeast-2.amazonaws.com/model.pkl
[ 2026-03-04 19:21:38,562 ] botocore.auth - DEBUG - Calculating signature using v4 auth.
[ 2026-03-04 19:21:38,562 ] botocore.auth - DEBUG - CanonicalRequest:
GET
/model.pkl

host:ankan-customer-segmentation-bucket.s3.ap-southeast-2.amazonaws.com
x-amz-content-sha256:e3b0c44298fc1c149afbf4c8996fb92427ae41e4649b934ca495991b7852b855
x-amz-date:20260304T135138Z

host;x-amz-content-sha256;x-amz-date
e3b0c44298fc1c149afbf4c8996fb92427ae41e4649b934ca495991b7852b855
[ 2026-03-04 19:21:38,562 ] botocore.auth - DEBUG - StringToSign:
AWS4-HMAC-SHA256
20260304T135138Z
20260304/ap-southeast-2/s3/aws4_request
68c706cbf2dd838147f5ae53e28de939853db254ff7dc42796454115e32affdc
[ 2026-03-04 19:21:38,562 ] botocore.auth - DEBUG - Signature:
0490cbe22c69f7484574a4982e343df766fd33586ed76e37ca1aa8b6f700e28a
[ 2026-03-04 19:21:38,562 ] botocore.hooks - DEBUG - Event request-created.s3.GetObject: calling handler <function add_retry_headers at 0x000001D133E779A0>
[ 2026-03-04 19:21:38,563 ] botocore.endpoint - DEBUG - Sending http request: <AWSPreparedRequest stream_output=True, method=GET, url=https://ankan-customer-segmentation-bucket.s3.ap-southeast-2.amazonaws.com/model.pkl, headers={'User-Agent': b'Boto3/1.24.84 Python/3.10.11 Windows/10 Botocore/1.27.96 Resource', 'X-Amz-Date': b'20260304T135138Z', 'X-Amz-Content-SHA256': b'e3b0c44298fc1c149afbf4c8996fb92427ae41e4649b934ca495991b7852b855', 'Authorization': b'AWS4-HMAC-SHA256 Credential=AKIA5OGYVVGOYWO22LU3/20260304/ap-southeast-2/s3/aws4_request, SignedHeaders=host;x-amz-content-sha256;x-amz-date, Signature=0490cbe22c69f7484574a4982e343df766fd33586ed76e37ca1aa8b6f700e28a', 'amz-sdk-invocation-id': b'3a83e468-b428-4d84-a915-aedbb504cb87', 'amz-sdk-request': b'attempt=1'}>
[ 2026-03-04 19:21:38,563 ] botocore.httpsession - DEBUG - Certificate path: C:\Users\ankan\Downloads\Customer-Categorizer\venv\lib\site-packages\certifi\cacert.pem
[ 2026-03-04 19:21:38,832 ] urllib3.connectionpool - DEBUG - https://ankan-customer-segmentation-bucket.s3.ap-southeast-2.amazonaws.com:443 "GET /model.pkl HTTP/1.1" 200 4532
[ 2026-03-04 19:21:38,832 ] botocore.parsers - DEBUG - Response headers: {'x-amz-id-2': '4bJS01VxF+EmhWU0mfxw0qEJanbqLYnPaEOcJvQk0Ew79RxZCrAGnduUtghmRFZWki8PSva90pY=', 'x-amz-request-id': 'R98KN0YX3NGWF5J8', 'Date': 'Wed, 04 Mar 2026 13:51:42 GMT', 'Last-Modified': 'Wed, 04 Mar 2026 12:37:35 GMT', 'ETag': '"eb261d6b0fabe02009e7f456a3c77c81"', 'x-amz-server-side-encryption': 'AES256', 'Accept-Ranges': 'bytes', 'Content-Type': 'binary/octet-stream', 'Content-Length': '4532', 'Server': 'AmazonS3'}
[ 2026-03-04 19:21:38,833 ] botocore.parsers - DEBUG - Response body:
<botocore.response.StreamingBody object at 0x000001D167C28EE0>
[ 2026-03-04 19:21:38,834 ] botocore.hooks - DEBUG - Event needs-retry.s3.GetObject: calling handler <botocore.retryhandler.RetryHandler object at 0x000001D167F4A2F0>
[ 2026-03-04 19:21:38,835 ] botocore.retryhandler - DEBUG - No retry needed.
[ 2026-03-04 19:21:38,835 ] botocore.hooks - DEBUG - Event needs-retry.s3.GetObject: calling handler <bound method S3RegionRedirector.redirect_from_error of <botocore.utils.S3RegionRedirector object at 0x000001D167F4A3B0>>
[ 2026-03-04 19:21:38,835 ] boto3.resources.action - DEBUG - Response: {'ResponseMetadata': {'RequestId': 'R98KN0YX3NGWF5J8', 'HostId': '4bJS01VxF+EmhWU0mfxw0qEJanbqLYnPaEOcJvQk0Ew79RxZCrAGnduUtghmRFZWki8PSva90pY=', 'HTTPStatusCode': 200, 'HTTPHeaders': {'x-amz-id-2': '4bJS01VxF+EmhWU0mfxw0qEJanbqLYnPaEOcJvQk0Ew79RxZCrAGnduUtghmRFZWki8PSva90pY=', 'x-amz-request-id': 'R98KN0YX3NGWF5J8', 'date': 'Wed, 04 Mar 2026 13:51:42 GMT', 'last-modified': 'Wed, 04 Mar 2026 12:37:35 GMT', 'etag': '"eb261d6b0fabe02009e7f456a3c77c81"', 'x-amz-server-side-encryption': 'AES256', 'accept-ranges': 'bytes', 'content-type': 'binary/octet-stream', 'content-length': '4532', 'server': 'AmazonS3'}, 'RetryAttempts': 0}, 'AcceptRanges': 'bytes', 'LastModified': datetime.datetime(2026, 3, 4, 12, 37, 35, tzinfo=tzutc()), 'ContentLength': 4532, 'ETag': '"eb261d6b0fabe02009e7f456a3c77c81"', 'ContentType': 'binary/octet-stream', 'ServerSideEncryption': 'AES256', 'Metadata': {}, 'Body': <botocore.response.StreamingBody object at 0x000001D167C28EE0>}
[ 2026-03-04 19:21:38,863 ] root - INFO - Exited the load_model method of S3Operations class
[ 2026-03-04 19:21:38,865 ] root - INFO - Entered predict method of srcTruckModel class
[ 2026-03-04 19:21:38,865 ] root - INFO - Using the trained model to get predictions
[ 2026-03-04 19:21:38,893 ] root - INFO - Used the trained model to get predictions
[ 2026-03-04 19:21:46,852 ] uvicorn.error - INFO - Shutting down
[ 2026-03-04 19:21:46,966 ] uvicorn.error - INFO - Waiting for application shutdown.
[ 2026-03-04 19:21:46,966 ] uvicorn.error - INFO - Application shutdown complete.
[ 2026-03-04 19:21:46,967 ] uvicorn.error - INFO - Finished server process [20788]
[ 2026-03-04 22:12:29,325 ] asyncio - DEBUG - Using proactor: IocpProactor
[ 2026-03-04 22:12:29,376 ] uvicorn.error - INFO - Started server process [20160]
[ 2026-03-04 22:12:29,377 ] uvicorn.error - INFO - Waiting for application startup.
[ 2026-03-04 22:12:29,378 ] uvicorn.error - INFO - Application startup complete.
[ 2026-03-04 22:12:29,378 ] uvicorn.error - INFO - Uvicorn running on http://0.0.0.0:5000 (Press CTRL+C to quit)
[ 2026-03-04 22:13:30,961 ] multipart.multipart - DEBUG - Calling on_field_start with no data
[ 2026-03-04 22:13:30,962 ] multipart.multipart - DEBUG - Calling on_field_name with data[0:3]
[ 2026-03-04 22:13:30,962 ] multipart.multipart - DEBUG - Calling on_field_data with data[4:6]
[ 2026-03-04 22:13:30,962 ] multipart.multipart - DEBUG - Calling on_field_end with no data
[ 2026-03-04 22:13:30,962 ] multipart.multipart - DEBUG - Calling on_field_start with no data
[ 2026-03-04 22:13:30,962 ] multipart.multipart - DEBUG - Calling on_field_name with data[7:16]
[ 2026-03-04 22:13:30,962 ] multipart.multipart - DEBUG - Calling on_field_data with data[17:18]
[ 2026-03-04 22:13:30,962 ] multipart.multipart - DEBUG - Calling on_field_end with no data
[ 2026-03-04 22:13:30,962 ] multipart.multipart - DEBUG - Calling on_field_start with no data
[ 2026-03-04 22:13:30,963 ] multipart.multipart - DEBUG - Calling on_field_name with data[19:33]
[ 2026-03-04 22:13:30,963 ] multipart.multipart - DEBUG - Calling on_field_data with data[34:35]
[ 2026-03-04 22:13:30,963 ] multipart.multipart - DEBUG - Calling on_field_end with no data
[ 2026-03-04 22:13:30,963 ] multipart.multipart - DEBUG - Calling on_field_start with no data
[ 2026-03-04 22:13:30,964 ] multipart.multipart - DEBUG - Calling on_field_name with data[36:51]
[ 2026-03-04 22:13:30,965 ] multipart.multipart - DEBUG - Calling on_field_data with data[52:53]
[ 2026-03-04 22:13:30,965 ] multipart.multipart - DEBUG - Calling on_field_end with no data
[ 2026-03-04 22:13:30,965 ] multipart.multipart - DEBUG - Calling on_field_start with no data
[ 2026-03-04 22:13:30,965 ] multipart.multipart - DEBUG - Calling on_field_name with data[54:62]
[ 2026-03-04 22:13:30,965 ] multipart.multipart - DEBUG - Calling on_field_data with data[63:64]
[ 2026-03-04 22:13:30,965 ] multipart.multipart - DEBUG - Calling on_field_end with no data
[ 2026-03-04 22:13:30,965 ] multipart.multipart - DEBUG - Calling on_field_start with no data
[ 2026-03-04 22:13:30,965 ] multipart.multipart - DEBUG - Calling on_field_name with data[65:71]
[ 2026-03-04 22:13:30,965 ] multipart.multipart - DEBUG - Calling on_field_data with data[72:76]
[ 2026-03-04 22:13:30,965 ] multipart.multipart - DEBUG - Calling on_field_end with no data
[ 2026-03-04 22:13:30,965 ] multipart.multipart - DEBUG - Calling on_field_start with no data
[ 2026-03-04 22:13:30,966 ] multipart.multipart - DEBUG - Calling on_field_name with data[77:91]
[ 2026-03-04 22:13:30,966 ] multipart.multipart - DEBUG - Calling on_field_data with data[92:96]
[ 2026-03-04 22:13:30,966 ] multipart.multipart - DEBUG - Calling on_field_end with no data
[ 2026-03-04 22:13:30,966 ] multipart.multipart - DEBUG - Calling on_field_start with no data
[ 2026-03-04 22:13:30,966 ] multipart.multipart - DEBUG - Calling on_field_name with data[97:113]
[ 2026-03-04 22:13:30,966 ] multipart.multipart - DEBUG - Calling on_field_data with data[114:118]
[ 2026-03-04 22:13:30,966 ] multipart.multipart - DEBUG - Calling on_field_end with no data
[ 2026-03-04 22:13:30,966 ] multipart.multipart - DEBUG - Calling on_field_start with no data
[ 2026-03-04 22:13:30,966 ] multipart.multipart - DEBUG - Calling on_field_name with data[119:126]
[ 2026-03-04 22:13:30,966 ] multipart.multipart - DEBUG - Calling on_field_data with data[127:131]
[ 2026-03-04 22:13:30,966 ] multipart.multipart - DEBUG - Calling on_field_end with no data
[ 2026-03-04 22:13:30,966 ] multipart.multipart - DEBUG - Calling on_field_start with no data
[ 2026-03-04 22:13:30,966 ] multipart.multipart - DEBUG - Calling on_field_name with data[132:137]
[ 2026-03-04 22:13:30,966 ] multipart.multipart - DEBUG - Calling on_field_data with data[138:141]
[ 2026-03-04 22:13:30,966 ] multipart.multipart - DEBUG - Calling on_field_end with no data
[ 2026-03-04 22:13:30,966 ] multipart.multipart - DEBUG - Calling on_field_start with no data
[ 2026-03-04 22:13:30,966 ] multipart.multipart - DEBUG - Calling on_field_name with data[142:148]
[ 2026-03-04 22:13:30,966 ] multipart.multipart - DEBUG - Calling on_field_data with data[149:151]
[ 2026-03-04 22:13:30,966 ] multipart.multipart - DEBUG - Calling on_field_end with no data
[ 2026-03-04 22:13:30,966 ] multipart.multipart - DEBUG - Calling on_field_start with no data
[ 2026-03-04 22:13:30,966 ] multipart.multipart - DEBUG - Calling on_field_name with data[152:156]
[ 2026-03-04 22:13:30,966 ] multipart.multipart - DEBUG - Calling on_field_data with data[157:159]
[ 2026-03-04 22:13:30,966 ] multipart.multipart - DEBUG - Calling on_field_end with no data
[ 2026-03-04 22:13:30,966 ] multipart.multipart - DEBUG - Calling on_field_start with no data
[ 2026-03-04 22:13:30,967 ] multipart.multipart - DEBUG - Calling on_field_name with data[160:164]
[ 2026-03-04 22:13:30,967 ] multipart.multipart - DEBUG - Calling on_field_data with data[165:167]
[ 2026-03-04 22:13:30,967 ] multipart.multipart - DEBUG - Calling on_field_end with no data
[ 2026-03-04 22:13:30,967 ] multipart.multipart - DEBUG - Calling on_field_start with no data
[ 2026-03-04 22:13:30,967 ] multipart.multipart - DEBUG - Calling on_field_name with data[168:174]
[ 2026-03-04 22:13:30,967 ] multipart.multipart - DEBUG - Calling on_field_data with data[175:177]
[ 2026-03-04 22:13:30,967 ] multipart.multipart - DEBUG - Calling on_field_end with no data
[ 2026-03-04 22:13:30,967 ] multipart.multipart - DEBUG - Calling on_field_start with no data
[ 2026-03-04 22:13:30,967 ] multipart.multipart - DEBUG - Calling on_field_name with data[178:182]
[ 2026-03-04 22:13:30,967 ] multipart.multipart - DEBUG - Calling on_field_data with data[183:186]
[ 2026-03-04 22:13:30,967 ] multipart.multipart - DEBUG - Calling on_field_end with no data
[ 2026-03-04 22:13:30,968 ] multipart.multipart - DEBUG - Calling on_field_start with no data
[ 2026-03-04 22:13:30,968 ] multipart.multipart - DEBUG - Calling on_field_name with data[187:190]
[ 2026-03-04 22:13:30,968 ] multipart.multipart - DEBUG - Calling on_field_data with data[191:193]
[ 2026-03-04 22:13:30,968 ] multipart.multipart - DEBUG - Calling on_field_end with no data
[ 2026-03-04 22:13:30,968 ] multipart.multipart - DEBUG - Calling on_field_start with no data
[ 2026-03-04 22:13:30,969 ] multipart.multipart - DEBUG - Calling on_field_name with data[194:201]
[ 2026-03-04 22:13:30,969 ] multipart.multipart - DEBUG - Calling on_field_data with data[202:204]
[ 2026-03-04 22:13:30,969 ] multipart.multipart - DEBUG - Calling on_field_end with no data
[ 2026-03-04 22:13:30,969 ] multipart.multipart - DEBUG - Calling on_field_start with no data
[ 2026-03-04 22:13:30,969 ] multipart.multipart - DEBUG - Calling on_field_name with data[205:210]
[ 2026-03-04 22:13:30,969 ] multipart.multipart - DEBUG - Calling on_field_data with data[211:214]
[ 2026-03-04 22:13:30,969 ] multipart.multipart - DEBUG - Calling on_field_end with no data
[ 2026-03-04 22:13:30,969 ] multipart.multipart - DEBUG - Calling on_field_start with no data
[ 2026-03-04 22:13:30,969 ] multipart.multipart - DEBUG - Calling on_field_name with data[215:233]
[ 2026-03-04 22:13:30,969 ] multipart.multipart - DEBUG - Calling on_field_data with data[234:237]
[ 2026-03-04 22:13:30,969 ] multipart.multipart - DEBUG - Calling on_field_end with no data
[ 2026-03-04 22:13:30,970 ] multipart.multipart - DEBUG - Calling on_field_start with no data
[ 2026-03-04 22:13:30,970 ] multipart.multipart - DEBUG - Calling on_field_name with data[238:249]
[ 2026-03-04 22:13:30,970 ] multipart.multipart - DEBUG - Calling on_field_data with data[250:253]
[ 2026-03-04 22:13:30,970 ] multipart.multipart - DEBUG - Calling on_field_end with no data
[ 2026-03-04 22:13:30,970 ] multipart.multipart - DEBUG - Calling on_field_start with no data
[ 2026-03-04 22:13:30,970 ] multipart.multipart - DEBUG - Calling on_field_name with data[254:271]
[ 2026-03-04 22:13:30,970 ] multipart.multipart - DEBUG - Calling on_field_data with data[272:274]
[ 2026-03-04 22:13:30,970 ] multipart.multipart - DEBUG - Calling on_field_end with no data
[ 2026-03-04 22:13:30,970 ] multipart.multipart - DEBUG - Calling on_end with no data
[ 2026-03-04 22:13:30,998 ] root - INFO - customerDatafram has been created
[ 2026-03-04 22:13:30,998 ] botocore.hooks - DEBUG - Changing event name from creating-client-class.iot-data to creating-client-class.iot-data-plane
[ 2026-03-04 22:13:31,000 ] botocore.hooks - DEBUG - Changing event name from before-call.apigateway to before-call.api-gateway
[ 2026-03-04 22:13:31,001 ] botocore.hooks - DEBUG - Changing event name from request-created.machinelearning.Predict to request-created.machine-learning.Predict
[ 2026-03-04 22:13:31,003 ] botocore.hooks - DEBUG - Changing event name from before-parameter-build.autoscaling.CreateLaunchConfiguration to before-parameter-build.auto-scaling.CreateLaunchConfiguration
[ 2026-03-04 22:13:31,003 ] botocore.hooks - DEBUG - Changing event name from before-parameter-build.route53 to before-parameter-build.route-53
[ 2026-03-04 22:13:31,004 ] botocore.hooks - DEBUG - Changing event name from request-created.cloudsearchdomain.Search to request-created.cloudsearch-domain.Search
[ 2026-03-04 22:13:31,004 ] botocore.hooks - DEBUG - Changing event name from docs.*.autoscaling.CreateLaunchConfiguration.complete-section to docs.*.auto-scaling.CreateLaunchConfiguration.complete-section
[ 2026-03-04 22:13:31,007 ] botocore.hooks - DEBUG - Changing event name from before-parameter-build.logs.CreateExportTask to before-parameter-build.cloudwatch-logs.CreateExportTask
[ 2026-03-04 22:13:31,007 ] botocore.hooks - DEBUG - Changing event name from docs.*.logs.CreateExportTask.complete-section to docs.*.cloudwatch-logs.CreateExportTask.complete-section
[ 2026-03-04 22:13:31,007 ] botocore.hooks - DEBUG - Changing event name from before-parameter-build.cloudsearchdomain.Search to before-parameter-build.cloudsearch-domain.Search
[ 2026-03-04 22:13:31,007 ] botocore.hooks - DEBUG - Changing event name from docs.*.cloudsearchdomain.Search.complete-section to docs.*.cloudsearch-domain.Search.complete-section
[ 2026-03-04 22:13:31,353 ] botocore.loaders - DEBUG - Loading JSON file: C:\Users\ankan\Downloads\Customer-Categorizer\venv\lib\site-packages\boto3\data\s3\2006-03-01\resources-1.json
[ 2026-03-04 22:13:31,357 ] botocore.loaders - DEBUG - Loading JSON file: C:\Users\ankan\Downloads\Customer-Categorizer\venv\lib\site-packages\botocore\data\endpoints.json
[ 2026-03-04 22:13:31,419 ] botocore.loaders - DEBUG - Loading JSON file: C:\Users\ankan\Downloads\Customer-Categorizer\venv\lib\site-packages\botocore\data\sdk-default-configuration.json
[ 2026-03-04 22:13:31,419 ] botocore.hooks - DEBUG - Event choose-service-name: calling handler <function handle_service_name_alias at 0x000002686DDD4280>
[ 2026-03-04 22:13:31,462 ] botocore.loaders - DEBUG - Loading JSON file: C:\Users\ankan\Downloads\Customer-Categorizer\venv\lib\site-packages\botocore\data\s3\2006-03-01\service-2.json
[ 2026-03-04 22:13:31,470 ] botocore.hooks - DEBUG - Event creating-client-class.s3: calling handler <function add_generate_presigned_post at 0x000002686DD27F40>
[ 2026-03-04 22:13:31,470 ] botocore.hooks - DEBUG - Event creating-client-class.s3: calling handler <function lazy_call.<locals>._handler at 0x000002682190E050>
[ 2026-03-04 22:13:31,472 ] botocore.hooks - DEBUG - Event creating-client-class.s3: calling handler <function add_generate_presigned_url at 0x000002686DD27D00>
[ 2026-03-04 22:13:31,474 ] botocore.endpoint - DEBUG - Setting s3 timeout as (60, 60)
[ 2026-03-04 22:13:31,488 ] botocore.loaders - DEBUG - Loading JSON file: C:\Users\ankan\Downloads\Customer-Categorizer\venv\lib\site-packages\botocore\data\_retry.json
[ 2026-03-04 22:13:31,489 ] botocore.client - DEBUG - Registering retry handlers for service: s3
[ 2026-03-04 22:13:31,490 ] boto3.resources.factory - DEBUG - Loading s3:s3
[ 2026-03-04 22:13:31,491 ] botocore.hooks - DEBUG - Event choose-service-name: calling handler <function handle_service_name_alias at 0x000002686DDD4280>
[ 2026-03-04 22:13:31,492 ] botocore.hooks - DEBUG - Event creating-client-class.s3: calling handler <function add_generate_presigned_post at 0x000002686DD27F40>
[ 2026-03-04 22:13:31,492 ] botocore.hooks - DEBUG - Event creating-client-class.s3: calling handler <function lazy_call.<locals>._handler at 0x000002682190E050>
[ 2026-03-04 22:13:31,492 ] botocore.hooks - DEBUG - Event creating-client-class.s3: calling handler <function add_generate_presigned_url at 0x000002686DD27D00>
[ 2026-03-04 22:13:31,492 ] botocore.endpoint - DEBUG - Setting s3 timeout as (60, 60)
[ 2026-03-04 22:13:31,493 ] botocore.client - DEBUG - Registering retry handlers for service: s3
[ 2026-03-04 22:13:31,493 ] root - INFO - Entered the load_model method of S3Operations class
[ 2026-03-04 22:13:31,493 ] root - INFO - Entered the get_file_object method of S3Operations class
[ 2026-03-04 22:13:31,493 ] root - INFO - Entered the get_bucket method of S3Operations class
[ 2026-03-04 22:13:31,493 ] boto3.resources.factory - DEBUG - Loading s3:Bucket
[ 2026-03-04 22:13:31,493 ] boto3.resources.model - DEBUG - Renaming Bucket attribute name
[ 2026-03-04 22:13:31,494 ] botocore.hooks - DEBUG - Event creating-resource-class.s3.Bucket: calling handler <function lazy_call.<locals>._handler at 0x000002682190E440>
[ 2026-03-04 22:13:31,494 ] root - INFO - Exited the get_bucket method of S3Operations class
[ 2026-03-04 22:13:31,547 ] botocore.loaders - DEBUG - Loading JSON file: C:\Users\ankan\Downloads\Customer-Categorizer\venv\lib\site-packages\botocore\data\s3\2006-03-01\paginators-1.json
[ 2026-03-04 22:13:31,547 ] boto3.resources.collection - DEBUG - Calling paginated s3:list_objects with {'Bucket': 'ankan-customer-segmentation-bucket', 'Prefix': 'model.pkl'}
[ 2026-03-04 22:13:31,547 ] botocore.hooks - DEBUG - Event before-parameter-build.s3.ListObjects: calling handler <function set_list_objects_encoding_type_url at 0x000002686DDD6E60>
[ 2026-03-04 22:13:31,547 ] botocore.hooks - DEBUG - Event before-parameter-build.s3.ListObjects: calling handler <function validate_bucket_name at 0x000002686DDD5BD0>
[ 2026-03-04 22:13:31,547 ] botocore.hooks - DEBUG - Event before-parameter-build.s3.ListObjects: calling handler <bound method S3RegionRedirector.redirect_from_cache of <botocore.utils.S3RegionRedirector object at 0x000002682311E380>>
[ 2026-03-04 22:13:31,547 ] botocore.hooks - DEBUG - Event before-parameter-build.s3.ListObjects: calling handler <bound method S3ArnParamHandler.handle_arn of <botocore.utils.S3ArnParamHandler object at 0x000002682311E350>>
[ 2026-03-04 22:13:31,547 ] botocore.hooks - DEBUG - Event before-parameter-build.s3.ListObjects: calling handler <function generate_idempotent_uuid at 0x000002686DDD5A20>
[ 2026-03-04 22:13:31,548 ] botocore.hooks - DEBUG - Event before-call.s3.ListObjects: calling handler <function add_expect_header at 0x000002686DDD5F30>
[ 2026-03-04 22:13:31,548 ] botocore.hooks - DEBUG - Event before-call.s3.ListObjects: calling handler <bound method S3RegionRedirector.set_request_url of <botocore.utils.S3RegionRedirector object at 0x000002682311E380>>
[ 2026-03-04 22:13:31,548 ] botocore.hooks - DEBUG - Event before-call.s3.ListObjects: calling handler <function add_recursion_detection_header at 0x000002686DDD56C0>
[ 2026-03-04 22:13:31,548 ] botocore.hooks - DEBUG - Event before-call.s3.ListObjects: calling handler <function inject_api_version_header_if_needed at 0x000002686DDD7250>
[ 2026-03-04 22:13:31,548 ] botocore.endpoint - DEBUG - Making request for OperationModel(name=ListObjects) with params: {'url_path': '/ankan-customer-segmentation-bucket', 'query_string': {'prefix': 'model.pkl', 'encoding-type': 'url'}, 'method': 'GET', 'headers': {'User-Agent': 'Boto3/1.24.84 Python/3.10.11 Windows/10 Botocore/1.27.96 Resource'}, 'body': b'', 'url': 'https://s3.ap-south-1.amazonaws.com/ankan-customer-segmentation-bucket?prefix=model.pkl&encoding-type=url', 'context': {'client_region': 'ap-south-1', 'client_config': <botocore.config.Config object at 0x000002682311D900>, 'has_streaming_input': False, 'auth_type': None, 'encoding_type_auto_set': True, 'signing': {'bucket': 'ankan-customer-segmentation-bucket'}}}
[ 2026-03-04 22:13:31,548 ] botocore.hooks - DEBUG - Event request-created.s3.ListObjects: calling handler <bound method RequestSigner.handler of <botocore.signers.RequestSigner object at 0x000002682311D660>>
[ 2026-03-04 22:13:31,548 ] botocore.hooks - DEBUG - Event choose-signer.s3.ListObjects: calling handler <bound method S3EndpointSetter.set_signer of <botocore.utils.S3EndpointSetter object at 0x000002682311E470>>
[ 2026-03-04 22:13:31,548 ] botocore.hooks - DEBUG - Event choose-signer.s3.ListObjects: calling handler <function set_operation_specific_signer at 0x000002686DDD5900>
[ 2026-03-04 22:13:31,548 ] botocore.hooks - DEBUG - Event before-sign.s3.ListObjects: calling handler <bound method S3EndpointSetter.set_endpoint of <botocore.utils.S3EndpointSetter object at 0x000002682311E470>>
[ 2026-03-04 22:13:31,548 ] botocore.utils - DEBUG - Defaulting to S3 virtual host style addressing with path style addressing fallback.
[ 2026-03-04 22:13:31,548 ] botocore.utils - DEBUG - Checking for DNS compatible bucket for: https://s3.ap-south-1.amazonaws.com/ankan-customer-segmentation-bucket?prefix=model.pkl&encoding-type=url
[ 2026-03-04 22:13:31,548 ] botocore.utils - DEBUG - URI updated to: https://ankan-customer-segmentation-bucket.s3.ap-south-1.amazonaws.com/?prefix=model.pkl&encoding-type=url
[ 2026-03-04 22:13:31,548 ] botocore.auth - DEBUG - Calculating signature using v4 auth.
[ 2026-03-04 22:13:31,549 ] botocore.auth - DEBUG - CanonicalRequest:
GET
/
encoding-type=url&prefix=model.pkl
host:ankan-customer-segmentation-bucket.s3.ap-south-1.amazonaws.com
x-amz-content-sha256:e3b0c44298fc1c149afbf4c8996fb92427ae41e4649b934ca495991b7852b855
x-amz-date:20260304T164331Z

host;x-amz-content-sha256;x-amz-date
e3b0c44298fc1c149afbf4c8996fb92427ae41e4649b934ca495991b7852b855
[ 2026-03-04 22:13:31,549 ] botocore.auth - DEBUG - StringToSign:
AWS4-HMAC-SHA256
20260304T164331Z
20260304/ap-south-1/s3/aws4_request
21276d83882c94abb64deac597f521405e52a2a061916dc4af69f19c9f0178de
[ 2026-03-04 22:13:31,549 ] botocore.auth - DEBUG - Signature:
11921c56a486b9781f44d314ad3ee3856077c1892ee749b1703ff82114fb191d
[ 2026-03-04 22:13:31,549 ] botocore.hooks - DEBUG - Event request-created.s3.ListObjects: calling handler <function add_retry_headers at 0x000002686DDD7910>
[ 2026-03-04 22:13:31,550 ] botocore.endpoint - DEBUG - Sending http request: <AWSPreparedRequest stream_output=False, method=GET, url=https://ankan-customer-segmentation-bucket.s3.ap-south-1.amazonaws.com/?prefix=model.pkl&encoding-type=url, headers={'User-Agent': b'Boto3/1.24.84 Python/3.10.11 Windows/10 Botocore/1.27.96 Resource', 'X-Amz-Date': b'20260304T164331Z', 'X-Amz-Content-SHA256': b'e3b0c44298fc1c149afbf4c8996fb92427ae41e4649b934ca495991b7852b855', 'Authorization': b'AWS4-HMAC-SHA256 Credential=AKIA5OGYVVGOYWO22LU3/20260304/ap-south-1/s3/aws4_request, SignedHeaders=host;x-amz-content-sha256;x-amz-date, Signature=11921c56a486b9781f44d314ad3ee3856077c1892ee749b1703ff82114fb191d', 'amz-sdk-invocation-id': b'65e40e8e-0e2f-42a7-b243-aa759d62bc92', 'amz-sdk-request': b'attempt=1'}>
[ 2026-03-04 22:13:31,550 ] botocore.httpsession - DEBUG - Certificate path: C:\Users\ankan\Downloads\Customer-Categorizer\venv\lib\site-packages\certifi\cacert.pem
[ 2026-03-04 22:13:31,550 ] urllib3.connectionpool - DEBUG - Starting new HTTPS connection (1): ankan-customer-segmentation-bucket.s3.ap-south-1.amazonaws.com:443
[ 2026-03-04 22:13:31,739 ] urllib3.connectionpool - DEBUG - https://ankan-customer-segmentation-bucket.s3.ap-south-1.amazonaws.com:443 "GET /?prefix=model.pkl&encoding-type=url HTTP/1.1" 301 None
[ 2026-03-04 22:13:31,740 ] botocore.parsers - DEBUG - Response headers: {'x-amz-bucket-region': 'ap-southeast-2', 'x-amz-request-id': '5VPH8NQKFGJVMJXQ', 'x-amz-id-2': 'UuF/JwFKIefk6fZL+FFWVXnSxD0WetLqM0xooeNtjdh3XRaGmmyQBHuz6MNq0B4mvZ5mg6akIqqrHn5L++Wf1jS4GsR8oxJo', 'Content-Type': 'application/xml', 'Transfer-Encoding': 'chunked', 'Date': 'Wed, 04 Mar 2026 16:43:34 GMT', 'Server': 'AmazonS3'}
[ 2026-03-04 22:13:31,740 ] botocore.parsers - DEBUG - Response body:
b'<?xml version="1.0" encoding="UTF-8"?>\n<Error><Code>PermanentRedirect</Code><Message>The bucket you are attempting to access must be addressed using the specified endpoint. Please send all future requests to this endpoint.</Message><Endpoint>ankan-customer-segmentation-bucket.s3-ap-southeast-2.amazonaws.com</Endpoint><Bucket>ankan-customer-segmentation-bucket</Bucket><RequestId>5VPH8NQKFGJVMJXQ</RequestId><HostId>UuF/JwFKIefk6fZL+FFWVXnSxD0WetLqM0xooeNtjdh3XRaGmmyQBHuz6MNq0B4mvZ5mg6akIqqrHn5L++Wf1jS4GsR8oxJo</HostId></Error>'
[ 2026-03-04 22:13:31,746 ] botocore.hooks - DEBUG - Event needs-retry.s3.ListObjects: calling handler <botocore.retryhandler.RetryHandler object at 0x000002682311E2C0>
[ 2026-03-04 22:13:31,748 ] botocore.retryhandler - DEBUG - No retry needed.
[ 2026-03-04 22:13:31,748 ] botocore.hooks - DEBUG - Event needs-retry.s3.ListObjects: calling handler <bound method S3RegionRedirector.redirect_from_error of <botocore.utils.S3RegionRedirector object at 0x000002682311E380>>
[ 2026-03-04 22:13:31,748 ] botocore.utils - DEBUG - S3 client configured for region ap-south-1 but the bucket ankan-customer-segmentation-bucket is in region ap-southeast-2; Please configure the proper region to avoid multiple unnecessary redirects and signing attempts.
[ 2026-03-04 22:13:31,748 ] botocore.utils - DEBUG - Updating URI from https://s3.ap-south-1.amazonaws.com/ankan-customer-segmentation-bucket?prefix=model.pkl&encoding-type=url to https://s3.ap-southeast-2.amazonaws.com/ankan-customer-segmentation-bucket?prefix=model.pkl&encoding-type=url
[ 2026-03-04 22:13:31,748 ] botocore.endpoint - DEBUG - Response received to retry, sleeping for 0 seconds
[ 2026-03-04 22:13:31,751 ] botocore.hooks - DEBUG - Event request-created.s3.ListObjects: calling handler <bound method RequestSigner.handler of <botocore.signers.RequestSigner object at 0x000002682311D660>>
[ 2026-03-04 22:13:31,751 ] botocore.hooks - DEBUG - Event choose-signer.s3.ListObjects: calling handler <bound method S3EndpointSetter.set_signer of <botocore.utils.S3EndpointSetter object at 0x000002682311E470>>
[ 2026-03-04 22:13:31,751 ] botocore.hooks - DEBUG - Event choose-signer.s3.ListObjects: calling handler <function set_operation_specific_signer at 0x000002686DDD5900>
[ 2026-03-04 22:13:31,751 ] botocore.hooks - DEBUG - Event before-sign.s3.ListObjects: calling handler <bound method S3EndpointSetter.set_endpoint of <botocore.utils.S3EndpointSetter object at 0x000002682311E470>>
[ 2026-03-04 22:13:31,751 ] botocore.utils - DEBUG - Checking for DNS compatible bucket for: https://s3.ap-southeast-2.amazonaws.com/ankan-customer-segmentation-bucket?prefix=model.pkl&encoding-type=url
[ 2026-03-04 22:13:31,751 ] botocore.utils - DEBUG - URI updated to: https://ankan-customer-segmentation-bucket.s3.ap-southeast-2.amazonaws.com/?prefix=model.pkl&encoding-type=url
[ 2026-03-04 22:13:31,752 ] botocore.auth - DEBUG - Calculating signature using v4 auth.
[ 2026-03-04 22:13:31,752 ] botocore.auth - DEBUG - CanonicalRequest:
GET
/
encoding-type=url&prefix=model.pkl
host:ankan-customer-segmentation-bucket.s3.ap-southeast-2.amazonaws.com
x-amz-content-sha256:e3b0c44298fc1c149afbf4c8996fb92427ae41e4649b934ca495991b7852b855
x-amz-date:20260304T164331Z

host;x-amz-content-sha256;x-amz-date
e3b0c44298fc1c149afbf4c8996fb92427ae41e4649b934ca495991b7852b855
[ 2026-03-04 22:13:31,752 ] botocore.auth - DEBUG - StringToSign:
AWS4-HMAC-SHA256
20260304T164331Z
20260304/ap-southeast-2/s3/aws4_request
9ec3cc9a172fad6c2bf6f8fad1fcb08a44bd3a9b6b5713a6f3ce7f8ac190c435
[ 2026-03-04 22:13:31,752 ] botocore.auth - DEBUG - Signature:
09462c232d908d5b499f7bb41bf1e609e76efc890ff845d331ffc2d8ccb8f907
[ 2026-03-04 22:13:31,752 ] botocore.hooks - DEBUG - Event request-created.s3.ListObjects: calling handler <function add_retry_headers at 0x000002686DDD7910>
[ 2026-03-04 22:13:31,753 ] botocore.endpoint - DEBUG - Sending http request: <AWSPreparedRequest stream_output=False, method=GET, url=https://ankan-customer-segmentation-bucket.s3.ap-southeast-2.amazonaws.com/?prefix=model.pkl&encoding-type=url, headers={'User-Agent': b'Boto3/1.24.84 Python/3.10.11 Windows/10 Botocore/1.27.96 Resource', 'X-Amz-Date': b'20260304T164331Z', 'X-Amz-Content-SHA256': b'e3b0c44298fc1c149afbf4c8996fb92427ae41e4649b934ca495991b7852b855', 'Authorization': b'AWS4-HMAC-SHA256 Credential=AKIA5OGYVVGOYWO22LU3/20260304/ap-southeast-2/s3/aws4_request, SignedHeaders=host;x-amz-content-sha256;x-amz-date, Signature=09462c232d908d5b499f7bb41bf1e609e76efc890ff845d331ffc2d8ccb8f907', 'amz-sdk-invocation-id': b'65e40e8e-0e2f-42a7-b243-aa759d62bc92', 'amz-sdk-request': b'ttl=20260304T164434Z; attempt=2; max=5'}>
[ 2026-03-04 22:13:31,753 ] botocore.httpsession - DEBUG - Certificate path: C:\Users\ankan\Downloads\Customer-Categorizer\venv\lib\site-packages\certifi\cacert.pem
[ 2026-03-04 22:13:31,754 ] urllib3.connectionpool - DEBUG - Starting new HTTPS connection (1): ankan-customer-segmentation-bucket.s3.ap-southeast-2.amazonaws.com:443
[ 2026-03-04 22:13:32,450 ] urllib3.connectionpool - DEBUG - https://ankan-customer-segmentation-bucket.s3.ap-southeast-2.amazonaws.com:443 "GET /?prefix=model.pkl&encoding-type=url HTTP/1.1" 200 None
[ 2026-03-04 22:13:32,450 ] botocore.parsers - DEBUG - Response headers: {'x-amz-id-2': 'pfuRKmINELLUhrQUeemZQ4Q0Z9CGjuifH783xuPQObNfTV7YYSXIj9P4m2ZVSz+U5P74G4XZO0W4SILZwPHpvPjL4MYuoche', 'x-amz-request-id': 'FV5D70P504S8A51S', 'Date': 'Wed, 04 Mar 2026 16:43:36 GMT', 'x-amz-bucket-region': 'ap-southeast-2', 'Content-Type': 'application/xml', 'Transfer-Encoding': 'chunked', 'Server': 'AmazonS3'}
[ 2026-03-04 22:13:32,450 ] botocore.parsers - DEBUG - Response body:
b'<?xml version="1.0" encoding="UTF-8"?>\n<ListBucketResult xmlns="http://s3.amazonaws.com/doc/2006-03-01/"><Name>ankan-customer-segmentation-bucket</Name><Prefix>model.pkl</Prefix><Marker></Marker><MaxKeys>1000</MaxKeys><EncodingType>url</EncodingType><IsTruncated>false</IsTruncated><Contents><Key>model.pkl</Key><LastModified>2026-03-04T12:37:35.000Z</LastModified><ETag>&quot;eb261d6b0fabe02009e7f456a3c77c81&quot;</ETag><ChecksumAlgorithm>CRC64NVME</ChecksumAlgorithm><ChecksumType>FULL_OBJECT</ChecksumType><Size>4532</Size><Owner><ID>f72f0e30c7050900838cece95ec97cd9e8c06408d898bb6edd0ce8658839f86e</ID></Owner><StorageClass>STANDARD</StorageClass></Contents></ListBucketResult>'
[ 2026-03-04 22:13:32,454 ] botocore.hooks - DEBUG - Event needs-retry.s3.ListObjects: calling handler <botocore.retryhandler.RetryHandler object at 0x000002682311E2C0>
[ 2026-03-04 22:13:32,454 ] botocore.retryhandler - DEBUG - No retry needed.
[ 2026-03-04 22:13:32,455 ] botocore.hooks - DEBUG - Event needs-retry.s3.ListObjects: calling handler <bound method S3RegionRedirector.redirect_from_error of <botocore.utils.S3RegionRedirector object at 0x000002682311E380>>
[ 2026-03-04 22:13:32,455 ] botocore.utils - DEBUG - S3 request was previously redirected, not redirecting.
[ 2026-03-04 22:13:32,456 ] botocore.hooks - DEBUG - Event after-call.s3.ListObjects: calling handler <function decode_list_object at 0x000002686DDD6EF0>
[ 2026-03-04 22:13:32,456 ] boto3.resources.factory - DEBUG - Loading s3:ObjectSummary
[ 2026-03-04 22:13:32,457 ] boto3.resources.model - DEBUG - Renaming ObjectSummary attribute key
[ 2026-03-04 22:13:32,458 ] botocore.hooks - DEBUG - Event creating-resource-class.s3.ObjectSummary: calling handler <function lazy_call.<locals>._handler at 0x000002682190E560>
[ 2026-03-04 22:13:32,458 ] root - INFO - Exited the get_file_object method of S3Operations class
[ 2026-03-04 22:13:32,458 ] root - INFO - Entered the read_object method of S3Operations class
[ 2026-03-04 22:13:32,458 ] root - INFO - Exited the read_object method of S3Operations class
[ 2026-03-04 22:13:32,458 ] boto3.resources.action - DEBUG - Calling s3:get_object with {'Bucket': 'ankan-customer-segmentation-bucket', 'Key': 'model.pkl'}
[ 2026-03-04 22:13:32,459 ] botocore.hooks - DEBUG - Event before-parameter-build.s3.GetObject: calling handler <function sse_md5 at 0x000002686DDD5C60>
[ 2026-03-04 22:13:32,459 ] botocore.hooks - DEBUG - Event before-parameter-build.s3.GetObject: calling handler <function validate_bucket_name at 0x000002686DDD5BD0>
[ 2026-03-04 22:13:32,459 ] botocore.hooks - DEBUG - Event before-parameter-build.s3.GetObject: calling handler <bound method S3RegionRedirector.redirect_from_cache of <botocore.utils.S3RegionRedirector object at 0x000002682311E380>>
[ 2026-03-04 22:13:32,459 ] botocore.hooks - DEBUG - Event before-parameter-build.s3.GetObject: calling handler <bound method S3ArnParamHandler.handle_arn of <botocore.utils.S3ArnParamHandler object at 0x000002682311E350>>
[ 2026-03-04 22:13:32,459 ] botocore.hooks - DEBUG - Event before-parameter-build.s3.GetObject: calling handler <function generate_idempotent_uuid at 0x000002686DDD5A20>
[ 2026-03-04 22:13:32,460 ] botocore.hooks - DEBUG - Event before-call.s3.GetObject: calling handler <function add_expect_header at 0x000002686DDD5F30>
[ 2026-03-04 22:13:32,460 ] botocore.hooks - DEBUG - Event before-call.s3.GetObject: calling handler <bound method S3RegionRedirector.set_request_url of <botocore.utils.S3RegionRedirector object at 0x000002682311E380>>
[ 2026-03-04 22:13:32,460 ] botocore.utils - DEBUG - Updating URI from https://s3.ap-south-1.amazonaws.com/ankan-customer-segmentation-bucket/model.pkl to https://s3.ap-southeast-2.amazonaws.com/ankan-customer-segmentation-bucket/model.pkl
[ 2026-03-04 22:13:32,460 ] botocore.hooks - DEBUG - Event before-call.s3.GetObject: calling handler <function add_recursion_detection_header at 0x000002686DDD56C0>
[ 2026-03-04 22:13:32,460 ] botocore.hooks - DEBUG - Event before-call.s3.GetObject: calling handler <function inject_api_version_header_if_needed at 0x000002686DDD7250>
[ 2026-03-04 22:13:32,460 ] botocore.endpoint - DEBUG - Making request for OperationModel(name=GetObject) with params: {'url_path': '/ankan-customer-segmentation-bucket/model.pkl', 'query_string': {}, 'method': 'GET', 'headers': {'User-Agent': 'Boto3/1.24.84 Python/3.10.11 Windows/10 Botocore/1.27.96 Resource'}, 'body': b'', 'url': 'https://s3.ap-southeast-2.amazonaws.com/ankan-customer-segmentation-bucket/model.pkl', 'context': {'client_region': 'ap-south-1', 'client_config': <botocore.config.Config object at 0x000002682311D900>, 'has_streaming_input': False, 'auth_type': None, 'signing': {'region': 'ap-southeast-2', 'bucket': 'ankan-customer-segmentation-bucket', 'endpoint': 'https://s3.ap-southeast-2.amazonaws.com'}}}
[ 2026-03-04 22:13:32,461 ] botocore.hooks - DEBUG - Event request-created.s3.GetObject: calling handler <bound method RequestSigner.handler of <botocore.signers.RequestSigner object at 0x000002682311D660>>
[ 2026-03-04 22:13:32,461 ] botocore.hooks - DEBUG - Event choose-signer.s3.GetObject: calling handler <bound method S3EndpointSetter.set_signer of <botocore.utils.S3EndpointSetter object at 0x000002682311E470>>
[ 2026-03-04 22:13:32,461 ] botocore.hooks - DEBUG - Event choose-signer.s3.GetObject: calling handler <function set_operation_specific_signer at 0x000002686DDD5900>
[ 2026-03-04 22:13:32,461 ] botocore.hooks - DEBUG - Event before-sign.s3.GetObject: calling handler <bound method S3EndpointSetter.set_endpoint of <botocore.utils.S3EndpointSetter object at 0x000002682311E470>>
[ 2026-03-04 22:13:32,462 ] botocore.utils - DEBUG - Checking for DNS compatible bucket for: https://s3.ap-southeast-2.amazonaws.com/ankan-customer-segmentation-bucket/model.pkl
[ 2026-03-04 22:13:32,462 ] botocore.utils - DEBUG - URI updated to: https://ankan-customer-segmentation-bucket.s3.ap-southeast-2.amazonaws.com/model.pkl
[ 2026-03-04 22:13:32,462 ] botocore.auth - DEBUG - Calculating signature using v4 auth.
[ 2026-03-04 22:13:32,462 ] botocore.auth - DEBUG - CanonicalRequest:
GET
/model.pkl

host:ankan-customer-segmentation-bucket.s3.ap-southeast-2.amazonaws.com
x-amz-content-sha256:e3b0c44298fc1c149afbf4c8996fb92427ae41e4649b934ca495991b7852b855
x-amz-date:20260304T164332Z

host;x-amz-content-sha256;x-amz-date
e3b0c44298fc1c149afbf4c8996fb92427ae41e4649b934ca495991b7852b855
[ 2026-03-04 22:13:32,463 ] botocore.auth - DEBUG - StringToSign:
AWS4-HMAC-SHA256
20260304T164332Z
20260304/ap-southeast-2/s3/aws4_request
4821e3ec088062be8faecd5fe335b174f1298e3d5c56e307c60f809cad7a1a5e
[ 2026-03-04 22:13:32,463 ] botocore.auth - DEBUG - Signature:
369b04a6fe7abe67b5f2737ec26f08bc79082f5a874e3ab3d5b6f1fb8bc1112d
[ 2026-03-04 22:13:32,463 ] botocore.hooks - DEBUG - Event request-created.s3.GetObject: calling handler <function add_retry_headers at 0x000002686DDD7910>
[ 2026-03-04 22:13:32,463 ] botocore.endpoint - DEBUG - Sending http request: <AWSPreparedRequest stream_output=True, method=GET, url=https://ankan-customer-segmentation-bucket.s3.ap-southeast-2.amazonaws.com/model.pkl, headers={'User-Agent': b'Boto3/1.24.84 Python/3.10.11 Windows/10 Botocore/1.27.96 Resource', 'X-Amz-Date': b'20260304T164332Z', 'X-Amz-Content-SHA256': b'e3b0c44298fc1c149afbf4c8996fb92427ae41e4649b934ca495991b7852b855', 'Authorization': b'AWS4-HMAC-SHA256 Credential=AKIA5OGYVVGOYWO22LU3/20260304/ap-southeast-2/s3/aws4_request, SignedHeaders=host;x-amz-content-sha256;x-amz-date, Signature=369b04a6fe7abe67b5f2737ec26f08bc79082f5a874e3ab3d5b6f1fb8bc1112d', 'amz-sdk-invocation-id': b'4fc91122-ed5d-4813-b3fd-e2c999cbcc43', 'amz-sdk-request': b'attempt=1'}>
[ 2026-03-04 22:13:32,463 ] botocore.httpsession - DEBUG - Certificate path: C:\Users\ankan\Downloads\Customer-Categorizer\venv\lib\site-packages\certifi\cacert.pem
[ 2026-03-04 22:13:32,670 ] urllib3.connectionpool - DEBUG - https://ankan-customer-segmentation-bucket.s3.ap-southeast-2.amazonaws.com:443 "GET /model.pkl HTTP/1.1" 200 4532
[ 2026-03-04 22:13:32,671 ] botocore.parsers - DEBUG - Response headers: {'x-amz-id-2': 'YoEh2fekhk0ql2hbWhr0VPaGM+PyD5OJx2DiYx+LN3XWvb/4A4kNJWzDXmCvErGoPQyFeb5548TvUHWXzPRv/zm/UnRAiiGU', 'x-amz-request-id': 'FV57FPKBV3N4CTFZ', 'Date': 'Wed, 04 Mar 2026 16:43:36 GMT', 'Last-Modified': 'Wed, 04 Mar 2026 12:37:35 GMT', 'ETag': '"eb261d6b0fabe02009e7f456a3c77c81"', 'x-amz-server-side-encryption': 'AES256', 'Accept-Ranges': 'bytes', 'Content-Type': 'binary/octet-stream', 'Content-Length': '4532', 'Server': 'AmazonS3'}
[ 2026-03-04 22:13:32,671 ] botocore.parsers - DEBUG - Response body:
<botocore.response.StreamingBody object at 0x0000026822E4B250>
[ 2026-03-04 22:13:32,673 ] botocore.hooks - DEBUG - Event needs-retry.s3.GetObject: calling handler <botocore.retryhandler.RetryHandler object at 0x000002682311E2C0>
[ 2026-03-04 22:13:32,673 ] botocore.retryhandler - DEBUG - No retry needed.
[ 2026-03-04 22:13:32,673 ] botocore.hooks - DEBUG - Event needs-retry.s3.GetObject: calling handler <bound method S3RegionRedirector.redirect_from_error of <botocore.utils.S3RegionRedirector object at 0x000002682311E380>>
[ 2026-03-04 22:13:32,675 ] boto3.resources.action - DEBUG - Response: {'ResponseMetadata': {'RequestId': 'FV57FPKBV3N4CTFZ', 'HostId': 'YoEh2fekhk0ql2hbWhr0VPaGM+PyD5OJx2DiYx+LN3XWvb/4A4kNJWzDXmCvErGoPQyFeb5548TvUHWXzPRv/zm/UnRAiiGU', 'HTTPStatusCode': 200, 'HTTPHeaders': {'x-amz-id-2': 'YoEh2fekhk0ql2hbWhr0VPaGM+PyD5OJx2DiYx+LN3XWvb/4A4kNJWzDXmCvErGoPQyFeb5548TvUHWXzPRv/zm/UnRAiiGU', 'x-amz-request-id': 'FV57FPKBV3N4CTFZ', 'date': 'Wed, 04 Mar 2026 16:43:36 GMT', 'last-modified': 'Wed, 04 Mar 2026 12:37:35 GMT', 'etag': '"eb261d6b0fabe02009e7f456a3c77c81"', 'x-amz-server-side-encryption': 'AES256', 'accept-ranges': 'bytes', 'content-type': 'binary/octet-stream', 'content-length': '4532', 'server': 'AmazonS3'}, 'RetryAttempts': 0}, 'AcceptRanges': 'bytes', 'LastModified': datetime.datetime(2026, 3, 4, 12, 37, 35, tzinfo=tzutc()), 'ContentLength': 4532, 'ETag': '"eb261d6b0fabe02009e7f456a3c77c81"', 'ContentType': 'binary/octet-stream', 'ServerSideEncryption': 'AES256', 'Metadata': {}, 'Body': <botocore.response.StreamingBody object at 0x0000026822E4B250>}
[ 2026-03-04 22:13:32,676 ] root - INFO - Exited the load_model method of S3Operations class
[ 2026-03-04 22:13:32,676 ] root - INFO - Entered predict method of srcTruckModel class
[ 2026-03-04 22:13:32,676 ] root - INFO - Using the trained model to get predictions
[ 2026-03-04 22:13:32,704 ] root - INFO - Used the trained model to get predictions
[ 2026-03-04 22:14:34,250 ] uvicorn.error - INFO - Shutting down
[ 2026-03-04 22:14:34,359 ] uvicorn.error - INFO - Waiting for application shutdown.
[ 2026-03-04 22:14:34,361 ] uvicorn.error - INFO - Application shutdown complete.
[ 2026-03-04 22:14:34,361 ] uvicorn.error - INFO - Finished server process [20160]
